Year (date),State Name (state_name),State Code (state_code),District Name (district_name),District Code (district_code),AWC Infrastructure Drinking Water Source (awc_infra_dws),AWC Infrastructure Fuctional Toilets (awc_infra_fun_toilets),AWC Infrastructure Own Building (awc_infra_own_buil),Aadhaar verified Beneficiaries (aadhar_verf_benf),Adolescent Girls (adolescent_girls),Anganwadi Centers Open For Atleast 1 Day (awc_open_1day),Anganwadi Centers Open For Atleast 21 Days (awc_open_21day),Anganwadi Workers (aww),Angwanwadi Centers (awc),Children (0-6 Months) (children_0_6_months),Children (3 - 6 Years) (children_3_6_years),Children (6 Months - 3 Years) (children_6months_3years),Children Attended AWC For Atleast 21 days (children_awc_21days),Children(3 - 6 Years) Non-school Going (children_3_6_years_nonschool),Children(3 - 6 Years) School Going (children_3_6_years_school),Eligible Beneficiaries (elgb_benef),Health ID Created (health_id_created),Hot Cooked Meal (HCM) Given For 1-6 Days (hcm_1_6days),Hot Cooked Meal (HCM) Given For 15-20 Days (hcm_15_20days),Hot Cooked Meal (HCM) Given For 7-14 Days (hcm_7_14days),Hot Cooked Meal (HCM) Given For Atleast 1 Day (hcm_atleast_1day),Hot Cooked Meal (HCM) Given For Atleast 15 Days (hcm_atleast_15days),Hot Cooked Meal (HCM) Given For Atleast 21 Days (hcm_atleast_21days),Lactating Mothers (lact_mothers),Pregnant Women (pregnant_women),Project (project),Sector (sector),Take Home Ration Given For Atleast 1 Day (thm_atleast_1day),Take Home Ration Given For Atleast 21 Days (thm_atleast_21days)
01-06-2023,Odisha,21,Boudh,349,212,211,569,45439,0,727,690,723,727,2329,20580,16689,10582,19723,857,45661,3,1832,2855,1307,16440,13301,10446,2354,3709,3,34,12709,12672
01-07-2023,Assam,18,Karimganj,293,79,52,426,132592,0,1504,1258,1487,0,3685,73189,55341,12672,69965,3224,141102,23,16081,11047,14899,51897,20917,9870,3201,5686,7,51,16421,16164
01-02-2023,Rajasthan,8,Chittorgarh,95,154,231,393,100654,0,1652,620,1779,1780,5707,43821,50214,2000,43407,414,114962,1159,8631,3365,5626,18810,4553,1188,7245,7975,12,54,4787,4691
01-06-2023,Madhya Pradesh,23,Narsinghpur,418,142,177,232,82406,0,1189,1080,1187,1192,3428,42660,35463,7707,42405,255,91684,138,12067,6187,8876,34016,13073,6886,3696,6437,6,44,9112,4748
01-02-2023,Chhattisgarh,22,Gaurella Pendra Marwahi,734,108,208,226,26500,0,4,0,821,838,133,15493,12722,0,15493,0,28928,23,0,0,0,0,0,0,106,474,3,31,0,0
01-02-2023,Jharkhand,20,Simdega,342,129,274,394,25927,0,889,380,949,965,2279,26870,24500,3754,25002,1868,59147,95,6238,5189,5508,20289,8543,3354,2253,3245,8,36,389,389
01-07-2023,Bihar,10,Vaishali,224,2807,2578,573,339846,0,3768,2874,3837,0,7104,185543,133411,48013,183772,1771,352038,174,33168,36343,32321,148172,82683,46340,9016,16964,17,144,75182,74497
01-03-2023,Arunachal Pradesh,12,Kra Daadi,677,6,5,6,133,0,48,2,173,267,35,719,506,15,702,17,1301,25,135,26,17,192,40,14,19,22,4,7,0,0
01-07-2023,Arunachal Pradesh,12,East Kameng,231,2,0,2,862,0,123,66,139,0,107,1336,914,509,1174,162,2533,0,306,213,325,1189,558,345,96,80,5,14,55,25
01-02-2023,Haryana,6,Kaithal,66,396,517,420,67588,0,1242,913,1244,1270,2545,37684,29207,5430,33266,4418,80402,543,4808,4250,3178,17328,9342,5092,5894,5072,7,50,22665,18519
01-05-2023,Gujarat,24,Amreli,439,1564,1455,1246,91104,0,1614,1575,1603,1616,5353,38068,36517,31923,37937,131,92285,325,1592,3325,1917,38683,35174,31849,5453,6894,13,64,48040,47971
01-07-2023,West Bengal,19,Medinipur East,317,669,830,927,480991,0,6252,5736,5130,0,21536,218492,190058,129836,207994,10498,489072,14110,13264,33031,15389,188983,160330,127299,21071,37915,30,250,221995,196458
01-07-2023,Maharashtra,27,Ratnagiri,492,1677,1924,1934,75565,0,2959,1326,2904,0,3711,37739,27114,2559,31503,6236,76833,1543,4051,11802,5697,24313,14565,2763,3649,4620,13,95,29992,29968
01-02-2023,Puducherry,34,Mahe,599,1,1,1,89,0,9,1,13,13,15,504,245,7,502,2,820,33,8,0,0,8,0,0,28,28,1,1,0,0
01-05-2023,Arunachal Pradesh,12,Lohit,234,3,3,3,269,0,58,1,98,102,12,651,435,0,629,22,1149,0,247,11,90,348,11,0,17,34,2,3,0,0
01-07-2023,Bihar,10,Nawada,210,1538,1259,1073,222146,0,2545,2045,2530,0,6877,116685,85146,53834,115465,1220,232988,4,12215,23356,14496,103056,76345,52989,9043,15237,14,96,72962,70981
01-05-2023,Arunachal Pradesh,12,Changlang,229,2,1,7,1684,0,205,32,346,353,290,4477,3364,192,3924,553,8745,2,1078,306,622,2171,471,165,311,303,6,11,6,0
01-06-2023,Madhya Pradesh,23,Shivpuri,432,120,160,578,188169,0,2405,2200,2387,2408,8810,100806,82075,39965,100541,265,215335,98,17300,20189,19002,89350,53048,32859,9776,13868,9,79,44765,31064
01-06-2023,Arunachal Pradesh,12,Upper Siang,240,3,4,6,1120,0,186,100,201,201,117,1379,1134,423,1161,218,2795,18,284,251,228,1106,594,343,95,70,6,10,163,46
01-03-2023,Madhya Pradesh,23,Dewas,402,304,346,196,120737,0,1529,32,1859,1860,1741,70084,55301,167,70050,34,132759,441,19904,369,16568,36958,486,117,2175,3458,9,82,191,55
01-02-2023,Rajasthan,8,Banswara,88,152,196,406,169983,0,2066,1024,2089,2119,6793,74878,85131,5979,74686,192,189568,2758,22027,11890,17643,56361,16691,4801,10246,12520,10,91,2504,2382
01-04-2023,Jharkhand,20,Lohardaga,336,167,269,632,42427,0,741,513,746,750,2735,27675,26860,6388,26571,1104,64087,90,5221,7003,5733,24213,13259,6256,2993,3824,5,25,6877,6877
01-04-2023,Jharkhand,20,Koderma,334,239,300,466,58887,0,747,628,745,749,4326,34071,33967,8408,31645,2426,82716,246,7561,7301,7754,30819,15504,8203,4816,5536,5,26,19438,19391
01-02-2023,Telangana,36,Medchal Malkajgiri,700,619,666,224,119997,0,791,608,749,793,3988,48840,58713,2989,48435,405,123452,74,5308,3754,3419,15334,6607,2853,4401,7510,3,32,15599,14088
01-07-2023,Gujarat,24,Ahmadabad,438,3554,3595,1943,330705,0,3627,3619,3588,0,15664,150751,135405,86369,99624,51127,342950,65005,6986,7750,6700,107785,94099,86349,15276,25854,29,146,168079,167680
01-03-2023,Chandigarh,4,Chandigarh,44,432,444,92,49842,0,450,443,440,450,3145,22826,18677,5811,22337,489,50867,183,1636,1379,816,9642,7190,5811,3140,3079,3,18,16038,15836
01-07-2023,Maharashtra,27,Jalna,479,855,1248,1348,168687,0,2166,1822,2167,0,7425,79867,69135,35508,77571,2296,176832,91,11860,16953,11746,74872,51266,34313,8082,12323,13,76,62470,62356
01-05-2023,Himachal Pradesh,2,Bilaspur,375,900,972,438,32517,0,1111,1061,1102,1111,2007,13790,12656,1770,3277,10513,33254,814,530,223,242,2749,1977,1754,2084,2717,3,46,15756,15584
01-06-2023,Telangana,36,Jagitial,681,440,440,176,73465,0,1062,1030,1049,1065,3664,27243,33242,7036,25538,1705,74775,4,3415,3569,3315,17030,10300,6731,3930,6696,4,42,39232,36692
01-02-2023,Haryana,6,Sirsa,74,767,829,870,70658,0,1369,988,1204,1377,4664,41106,32542,5098,38178,2928,89789,165,6443,5405,4111,20902,10348,4943,6069,5408,8,54,16158,9933
01-02-2023,Jharkhand,20,Hazaribagh,332,556,740,790,42214,0,1669,914,1765,1770,6889,77125,81262,8387,75685,1440,187020,144,16079,12677,12538,48746,20129,7452,8488,13256,14,65,5629,5624
01-02-2023,Telangana,36,Medak,513,526,307,261,60280,0,1076,1033,1068,1076,3509,24055,25979,8855,23725,330,62597,1262,2644,5930,2779,19536,14113,8183,3882,5172,4,42,29449,27182
01-05-2023,Madhya Pradesh,23,Sidhi,433,22,43,47,119403,0,1889,1560,1894,1903,4816,63798,51609,22508,63650,148,134476,86,12713,11307,13756,58201,31732,20425,6113,8140,7,73,10057,5049
01-03-2023,Uttar Pradesh,9,Sonbhadra,184,300,302,219,236331,0,2038,856,2028,2079,10906,81306,113622,3924,80837,469,239643,79,2796,17,266,3096,34,17,13871,19938,9,60,87392,87051
01-05-2023,Maharashtra,27,Aurangabad,189,596,1144,1426,272523,0,3497,1898,3800,3838,11125,138019,112790,32957,129838,8181,290794,631,25610,18908,19675,96291,51006,32098,12345,16515,17,111,58327,58255
01-07-2023,Rajasthan,8,Pratapgarh,629,50,58,169,70839,0,1203,844,1234,0,2280,39728,34235,2684,38837,891,85807,235,10780,4197,7653,24893,6460,2263,3196,6368,6,48,1265,1230
01-04-2023,Tamil Nadu,33,Thiruvallur,589,1275,1263,1517,142033,0,1758,1073,1369,1762,8439,55428,61009,6404,46592,8836,146314,311,5799,15590,4997,32577,21781,6191,8855,12583,13,79,63219,63138
01-07-2023,Uttar Pradesh,9,Auraiya,122,756,1211,1209,180276,0,1779,909,1781,0,4771,83880,73938,2907,83031,849,183129,37,2468,308,460,3314,386,78,6269,14271,8,67,65313,65175
01-03-2023,Jammu And Kashmir,1,Ramban,621,462,430,40,19422,0,713,466,669,768,715,9341,8334,4323,9216,125,20342,782,1162,1925,1424,8299,5713,3788,970,982,4,33,1119,923
01-07-2023,Manipur,14,Chandel,253,76,106,68,7242,0,3,0,587,0,160,4321,3009,0,4102,219,7885,12,14,0,0,14,0,0,145,250,3,16,0,0
01-07-2023,Andhra Pradesh,28,Spsr Nellore,515,554,553,583,132924,0,3681,1244,0,0,3395,68034,68057,7359,64836,3198,0,1625,18547,12206,13386,51243,19310,7104,4467,9459,0,0,7442,7363
01-04-2023,Punjab,3,Bathinda,28,9,7,11,63953,0,1241,2,1374,1391,4198,19261,31356,0,14342,4919,65561,1129,308,7,7,322,7,0,5022,5724,8,54,45,32
01-05-2023,Meghalaya,17,East Khasi Hills,274,439,768,688,26204,0,1274,879,1286,1286,4045,51331,35542,21641,43097,8234,96485,10,5543,8967,7312,43630,30775,21808,2996,2571,9,49,4461,2202
01-06-2023,Mizoram,15,Saiha,267,34,120,126,7433,0,121,58,126,126,266,3936,2957,789,3919,17,7758,28,647,1314,761,3466,2058,744,246,353,2,5,1858,1691
01-05-2023,Haryana,6,Panipat,71,440,570,379,71419,0,1041,764,1025,1048,3397,45243,35970,4977,40213,5030,96837,17666,7708,2710,3504,18724,7512,4802,5037,7190,6,42,9091,7349
01-06-2023,Assam,18,West Karbi Anglong,710,4,5,22,37459,0,852,716,850,852,1489,22453,14944,8675,21646,807,41611,61,3411,6333,5427,22475,13637,7304,1187,1538,4,29,9782,9521
01-03-2023,Meghalaya,17,East Garo Hills,273,56,51,85,1081,0,385,195,404,404,688,14049,8828,4942,13702,347,24501,29,2619,2121,2805,12162,6738,4617,564,372,3,15,65,50
01-04-2023,Gujarat,24,Navsari,453,1309,1146,1252,65506,0,1330,1324,1300,1330,4281,28501,23972,27111,28474,27,65787,63,309,1121,471,28959,28179,27058,4305,4728,10,53,32660,32639
01-06-2023,Arunachal Pradesh,12,Tawang,238,4,1,11,1564,0,197,149,196,197,175,1885,1540,838,1711,174,3934,2,403,417,352,1945,1190,773,194,140,5,9,322,89
01-06-2023,Karnataka,29,Bagalkote,524,334,371,343,159405,0,2221,2156,2219,2221,5735,67856,70607,32795,66088,1768,164550,23,10890,15818,11740,69664,47034,31216,7482,12870,6,85,17888,17798
01-04-2023,Mizoram,15,Aizawl,261,325,481,495,40838,0,543,204,543,544,2421,19656,16625,897,19022,634,43782,2292,5712,2533,4669,13707,3326,793,2356,2724,6,23,11756,9261
01-06-2023,Assam,18,Majuli,706,87,42,135,18338,0,598,579,576,598,649,9331,6805,4230,8990,341,18379,4,2680,1264,4655,8791,1456,192,588,1006,2,16,2214,2190
01-02-2023,Punjab,3,Rupnagar,42,4,3,4,7049,0,361,0,835,872,697,9956,16634,0,9697,259,29340,883,81,0,0,81,0,0,973,1080,5,32,0,0
01-07-2023,Arunachal Pradesh,12,Lower Siang,719,2,0,2,331,0,83,41,84,0,23,419,368,111,360,59,851,0,96,125,31,356,229,104,20,21,3,2,0,0
01-07-2023,Bihar,10,Gopalganj,197,1666,1473,1216,230763,0,2961,2408,2985,0,4571,129806,86958,36899,127841,1965,238647,44,23220,26743,23662,109033,62151,35408,5640,11672,14,110,48301,46997
01-02-2023,Bihar,10,Purbi Champaran,213,3502,3319,491,427757,0,4827,1486,5401,5581,12648,219274,164836,17504,216049,3225,433476,373,42161,44472,40596,142464,59707,15235,15395,21323,28,194,50770,50570
01-07-2023,Maharashtra,27,Nandurbar,486,678,834,1390,186844,0,2551,2276,2516,0,9947,87020,76663,53197,84941,2079,198410,367,7302,16102,9881,86147,68964,52862,9269,15511,12,95,79161,79037
01-07-2023,Kerala,32,Kasaragod,558,547,720,726,92025,0,1345,703,1348,0,4082,51100,35427,181,33656,17444,101740,20,6931,3430,6948,17546,3667,237,4654,6477,12,41,6550,6546
01-04-2023,Punjab,3,Tarn Taran,609,4,3,7,35723,0,881,3,1095,1132,1949,17815,21306,0,15130,2685,48326,90,1112,0,40,1152,0,0,3102,4154,8,39,0,0
01-04-2023,Gujarat,24,Dang,444,426,414,425,28516,0,441,417,431,441,1843,12902,11727,7813,12864,38,30386,8,1051,2257,1492,12593,10050,7793,1857,2057,3,18,14334,14326
01-05-2023,Telangana,36,Mahabubnagar,512,450,338,267,59127,0,1178,1028,1146,1185,3007,24494,28106,8292,23836,658,64425,637,4225,2600,2824,17704,10655,8055,3606,5212,4,48,21719,19565
01-02-2023,Karnataka,29,Belagavi,527,698,752,648,443941,0,5289,2651,5295,5295,16418,220107,187409,26379,219008,1099,472000,16381,47430,60292,45207,175579,82942,22650,18724,29342,14,209,162813,161849
01-07-2023,Mizoram,15,Lunglei,265,157,200,268,14816,0,388,158,418,0,559,8011,6620,902,7575,436,16596,1866,1748,1488,1162,5187,2277,789,560,846,4,16,3079,2079
01-05-2023,Madhya Pradesh,23,Sehore,427,198,241,275,125848,0,1410,1329,1412,1415,5851,62531,51960,15458,59765,2766,136549,231,15730,9975,13783,54385,24872,14897,6573,9634,10,50,25671,9320
01-05-2023,Gujarat,24,Bhavnagar,443,1763,1667,1575,168266,0,1906,1869,1886,1907,9964,70779,66841,57096,70083,696,171673,1465,3884,5343,3294,69536,62358,57015,10045,14044,16,76,88251,87232
01-04-2023,Maharashtra,27,Dhule,474,1729,1644,1769,203170,0,2284,1752,2279,2306,11399,102095,85332,35440,100219,1876,223130,331,14015,26846,15989,90515,60511,33665,11993,12311,11,84,68105,68076
01-05-2023,Andhra Pradesh,28,Chittoor,503,823,883,888,194929,0,4742,3344,4709,4768,6291,85146,100214,35363,82786,2360,215263,17912,14219,12222,12425,73560,46916,34694,8503,15109,21,188,36935,36821
01-03-2023,Andhra Pradesh,28,Chittoor,503,823,879,849,203035,0,4739,3033,4716,4782,8493,82643,104352,27421,80499,2144,223276,20518,12305,18523,12547,69904,45052,26529,11061,16727,23,190,23081,22902
01-06-2023,Nagaland,13,Phek,248,12,20,34,1618,0,340,62,391,392,361,5988,3274,368,5610,378,10222,23,1623,335,920,3111,568,233,327,272,6,18,43,39
01-07-2023,Manipur,14,Tengnoupal,716,30,39,54,6482,0,4,0,377,0,114,3949,2785,0,3703,246,7115,3,24,0,0,24,0,0,103,164,2,10,0,0
01-04-2023,Chhattisgarh,22,Balrampur,649,59,112,135,102432,0,2288,578,2352,2358,4831,54578,48849,4740,54281,297,117786,250,15398,7584,12429,39408,11581,3997,3531,5997,7,66,7660,6547
01-04-2023,Meghalaya,17,East Garo Hills,273,70,59,99,1076,0,396,94,404,404,675,13947,8701,2166,13600,347,24167,29,2175,4264,3399,11980,6406,2142,498,346,3,15,93,68
01-06-2023,Uttar Pradesh,9,Hardoi,150,3020,3136,1215,497335,0,3910,1519,3892,3930,16629,173135,231190,419,170994,2141,502320,199,1775,18,224,2083,84,66,26378,54988,20,123,200962,196089
01-07-2023,Uttar Pradesh,9,Jalaun,151,135,243,279,159507,0,1791,846,1771,0,4191,71744,65861,3515,70583,1161,162488,70,3046,276,965,4509,498,222,5989,14703,10,87,53608,53241
01-04-2023,Haryana,6,Mahendragarh,69,726,898,910,82224,0,1201,1142,1128,1201,5429,37171,31811,4427,24830,12341,85545,250,2592,1901,1361,10147,6194,4293,5688,5446,6,46,23933,15914
01-03-2023,Tripura,16,North Tripura,270,756,875,1028,43802,0,1207,810,1264,1278,2190,25141,18762,10601,24960,181,50917,274,3637,3380,3369,18238,11232,7852,2330,2494,6,52,4776,4275
01-05-2023,Haryana,6,Karnal,67,496,532,433,84097,0,1411,1010,1415,1479,2576,51833,39653,3745,47134,4699,106066,365,5481,2333,2624,14137,6032,3699,4983,7021,7,59,17244,10673
01-03-2023,Ladakh,37,Kargil,6,118,233,14,11853,0,662,338,679,680,445,5903,5182,1978,5835,68,12713,862,992,1367,1441,5779,3346,1979,542,641,7,29,270,254
01-07-2023,Andhra Pradesh,28,Kurnool,511,218,221,402,228571,0,3412,1001,0,0,3482,118539,112921,9813,115553,2986,0,1528,30174,16532,19042,75330,26114,9582,5886,13440,0,0,10664,10569
01-06-2023,Rajasthan,8,Jhunjhunu,106,549,585,510,105682,0,1591,1432,1578,1595,5960,25393,58678,5227,22214,3179,109560,290,5964,4186,5200,20201,9037,4851,7665,11864,8,58,16151,16110
01-07-2023,Uttar Pradesh,9,Pratapgarh,629,590,577,679,321853,0,3225,1950,3190,0,9486,142362,141099,5971,140901,1461,329969,36,7380,375,1606,9767,781,406,11421,25601,18,116,116218,115489
01-04-2023,Madhya Pradesh,23,Neemuch,419,89,129,104,63703,0,946,326,987,1112,1088,35688,27948,284,35677,11,67791,140,7935,2051,3730,13961,2296,245,1381,1686,6,57,1004,211
01-07-2023,Rajasthan,8,Dungarpur,99,169,124,724,118737,0,2107,1799,2101,0,4199,51328,60457,7650,47753,3575,134595,343,15756,7235,11730,40713,13227,5992,6204,12407,9,76,2730,2686
01-07-2023,Kerala,32,Pathanamthitta,564,643,775,512,51451,0,1388,1045,1387,0,2619,25748,19409,181,14237,11511,53541,52,3067,3897,4285,11374,4022,125,2720,3045,12,57,11059,10901
01-02-2023,Gujarat,24,Navsari,453,1318,1145,1272,63977,0,1330,1230,1317,1330,4621,27832,23588,22870,27809,23,64949,19,679,3899,965,28234,26590,22691,4588,4320,10,53,27564,27361
01-06-2023,Uttarakhand,5,Pithoragarh,53,439,473,479,23457,0,1068,599,1092,1111,1119,7419,13120,1121,7014,405,24948,216,884,1006,899,3407,1624,618,1365,1925,8,26,76,73
01-03-2023,Uttar Pradesh,9,Hardoi,150,3020,3135,1215,500718,0,3902,1455,3896,3930,21882,167442,230012,4921,165338,2104,507601,1328,3783,401,1122,5376,471,70,34813,53452,20,123,133482,130255
01-07-2023,The Dadra And Nagar Haveli And Daman And Diu,38,Dadra And Nagar Haveli,465,302,302,170,22316,0,303,300,302,0,1666,7000,10307,2011,4137,2863,23791,1,838,1183,661,4680,3181,1998,1637,3181,2,11,12543,12519
01-05-2023,Chhattisgarh,22,Janjgir-champa,379,532,661,650,139177,0,2208,1322,2259,2270,5545,83928,67615,15381,83595,333,172151,87,22074,12389,16596,65950,27280,14891,6817,8246,10,79,20962,17577
01-07-2023,Rajasthan,8,Kota,109,242,259,331,87842,0,1258,1130,1271,0,4972,30468,41808,7146,27787,2681,92426,192,4389,3306,3928,17916,9599,6293,5780,9398,6,40,9128,9123
01-07-2023,Telangana,36,Narayanpet,721,231,153,132,45160,0,703,406,691,0,2804,17858,20801,2566,17252,606,48750,12,4075,2471,3775,12824,4974,2503,2811,4476,3,29,15058,13929
01-03-2023,Kerala,32,Ernakulam,555,2010,2270,1717,179893,0,2856,2641,2857,2858,9890,89032,67594,10904,50565,38467,187571,1923,7137,11192,9348,38162,21677,10485,10271,10784,24,110,24633,24164
01-06-2023,Jharkhand,20,Ranchi,339,572,832,1527,178257,0,2815,2268,2793,2830,9829,87003,94850,22527,83015,3988,216013,155,16691,20425,20174,77015,40150,19725,9867,14464,16,95,29641,29407
01-05-2023,Manipur,14,Kamjong,717,10,13,17,4816,0,379,0,395,398,179,3445,2190,0,3214,231,6149,9,2642,0,3,2645,0,0,162,173,3,11,511,496
01-07-2023,Uttar Pradesh,9,Unnao,186,1730,1890,1519,278680,0,3352,2449,3254,0,13317,80156,141474,8366,78836,1320,280492,93,2044,103,378,2586,164,61,15126,30419,17,124,157770,157471
01-04-2023,Maharashtra,27,Raigad,491,1078,1244,1294,144961,0,3193,2269,3176,3261,7970,73662,56576,21599,67718,5944,155187,264,9311,13935,8715,53019,34993,21058,8293,8686,17,107,40224,40010
01-02-2023,Bihar,10,Madhubani,206,2857,2610,978,386574,0,4511,1878,4891,5145,16186,196220,155163,24808,192354,3866,410993,303,39063,38482,36421,135475,59991,21509,18872,24552,21,194,82064,81920
01-04-2023,Jharkhand,20,Palamu,338,978,1195,953,178865,0,2510,1686,2535,2596,9766,117739,110306,18258,115896,1843,266500,574,24772,24667,27018,93205,41415,16748,12270,16419,14,81,35033,34753
01-03-2023,Uttar Pradesh,9,Varanasi,187,866,866,711,378242,0,3904,2801,3832,3972,21055,134743,175484,16875,132604,2139,384871,1115,4803,257,877,6070,390,133,23943,29646,9,142,92326,91327
01-02-2023,Punjab,3,Gurdaspur,32,0,2,6,67763,0,539,3,1973,2055,2472,26080,41594,0,25868,212,76181,2108,112,0,0,112,0,0,2892,3143,11,79,0,0
01-04-2023,Jharkhand,20,Ramgarh,607,396,613,446,44456,0,1033,841,1037,1041,3956,30377,31851,7471,28747,1630,75912,672,5732,7228,5617,25673,14324,7096,4105,5623,6,40,10719,10613
01-05-2023,Kerala,32,Ernakulam,555,2260,2489,2001,173260,0,2853,2412,2856,2858,8532,88657,66064,8040,53359,35298,182154,933,11586,10968,9484,39760,18690,7722,9035,9866,23,110,17720,17167
01-05-2023,Himachal Pradesh,2,Kangra,18,3003,3090,1719,77309,0,4226,4177,4182,4226,7796,6465,47466,4712,6220,245,78972,2626,1745,643,723,7788,5320,4677,7848,9397,15,188,63168,61776
01-07-2023,Uttar Pradesh,9,Kushi Nagar,160,746,867,1154,414057,0,4111,2700,4058,0,14738,179072,176661,7452,173280,5792,418617,333,5417,413,1421,7591,753,340,15957,32189,15,168,142877,138236
01-04-2023,Andhra Pradesh,28,Parvathipuram Manyam,743,0,0,0,0,0,0,0,0,0,0,0,0,0,0,0,0,0,0,0,0,0,0,0,0,0,0,0,0,0
01-07-2023,Arunachal Pradesh,12,Changlang,229,2,1,7,4193,0,276,126,402,0,295,4975,3725,1062,4125,850,9715,1,871,868,733,3346,1742,874,297,423,6,11,416,69
01-03-2023,Assam,18,Sonitpur,301,110,50,155,102549,0,1936,1055,1937,1989,5753,58109,43874,6568,57316,793,116905,697,12480,7613,10742,35324,12102,4489,4734,4435,8,85,2768,2532
01-05-2023,Ladakh,37,Kargil,6,122,238,13,12103,0,673,556,679,680,439,5445,5067,3491,5312,133,12182,717,594,840,648,5386,4144,3304,542,689,7,29,220,213
01-07-2023,Maharashtra,27,Thane,497,1305,1314,1133,282790,0,3693,2713,3647,0,11157,148555,118121,34875,138016,10539,306518,740,21312,39540,23445,119830,75073,35533,11626,17059,20,139,84127,84104
01-03-2023,Assam,18,Kokrajhar,294,75,54,135,73179,0,1674,764,1666,1687,4806,42782,31319,6362,41204,1578,86728,3557,9964,4683,7017,26684,9703,5020,4287,3534,5,76,2349,2279
01-03-2023,West Bengal,19,24 Paraganas South,304,1311,1675,1794,890986,0,10888,7758,10875,11364,43326,450887,362128,199174,438909,11978,963399,89827,60289,51944,51531,364042,252222,200278,44217,62841,51,475,239916,184453
01-05-2023,Tamil Nadu,33,Madurai,578,1324,1516,1579,194471,0,2001,373,1589,2001,11181,76383,82476,1995,38214,38169,196872,559,6421,665,25163,33199,1615,950,11506,15326,17,72,82288,82209
01-05-2023,Uttar Pradesh,9,Farrukhabad,141,847,884,883,198402,0,1723,1171,1720,1755,8198,76724,86173,6281,75317,1407,199683,420,1473,254,428,2414,513,259,10468,18120,8,68,81678,81424
01-03-2023,Nagaland,13,Kiphire,614,3,3,6,6,0,48,0,201,204,7,2336,1085,0,2323,13,3457,1,107,0,0,107,0,0,19,10,3,8,0,0
01-07-2023,Tamil Nadu,33,Tiruppur,634,1108,1273,1195,127219,0,1512,1411,1341,0,6812,51891,54283,9676,21712,30179,129544,0,3631,5821,2635,21684,15418,9597,6923,9635,14,43,53702,53544
01-07-2023,Uttar Pradesh,9,Moradabad,171,668,870,612,307544,0,2758,1940,2680,0,13410,94920,153306,3534,93115,1805,309572,46,4645,570,1547,7010,818,248,15198,32738,9,151,162751,161442
01-07-2023,Nagaland,13,Phek,248,12,20,34,3271,0,335,119,391,0,444,6283,3743,1407,5692,591,11167,31,1102,652,775,3666,1789,1137,362,335,6,18,484,411
01-02-2023,Jammu And Kashmir,1,Poonch,10,1145,1116,89,41599,0,1402,1292,1400,1409,2457,17266,16548,13923,17194,72,42249,489,676,3123,1210,17865,15979,12856,2915,3063,6,54,17054,16495
01-03-2023,Uttar Pradesh,9,Azamgarh,123,573,521,577,645747,0,5558,4432,5556,5593,32973,252139,271500,37195,246137,6002,656673,1569,11125,1898,3767,17915,3023,1125,42095,57966,23,201,223726,222322
01-06-2023,Uttar Pradesh,9,Deoria,137,789,840,336,351005,0,3235,1964,3216,3245,15128,128863,159424,4416,126834,2029,354232,80,4077,238,632,5099,390,152,17374,33443,17,123,179921,178839
01-05-2023,Madhya Pradesh,23,Khargone,414,241,273,325,187229,0,2285,1992,2280,2294,9507,93590,78943,21831,93417,173,206543,274,24566,11485,17731,74174,31877,20392,11033,13470,11,82,16584,10651
01-05-2023,Chhattisgarh,22,Raigarh,386,852,1392,1431,105927,0,2515,261,3363,3409,2294,64287,47031,1839,64147,140,120137,266,14682,1667,6636,24696,3378,1711,2714,3811,14,107,2566,2214
01-07-2023,Rajasthan,8,Jalore,104,202,210,406,108190,0,1747,1368,1778,0,1723,54590,49021,16829,54343,247,118353,261,10751,14762,12142,53066,30173,15411,4430,8589,8,58,20745,20679
01-04-2023,Assam,18,Karimganj,293,79,52,404,129275,0,1306,62,1499,1570,4713,80133,58547,115,78907,1226,150753,620,10434,1517,5180,17164,1550,33,3741,3619,7,51,3142,3113
01-05-2023,Telangana,36,Nirmal,680,558,373,310,59296,0,925,796,877,926,2642,26281,26012,8914,25298,983,62479,639,3821,2725,2238,17439,11380,8655,3017,4527,4,37,23970,22926
01-03-2023,Meghalaya,17,North Garo Hills,656,92,49,172,3911,0,391,245,391,391,701,12061,8128,6550,11972,89,21915,12,1307,1695,1854,11326,8165,6470,572,453,2,11,23,2
01-06-2023,Jammu And Kashmir,1,Kupwara,8,1994,1952,165,69211,0,2259,1704,2301,2320,2494,36916,26573,19768,36327,589,72432,1963,5349,6479,4531,28709,18829,12350,3048,3401,11,92,6128,5698
01-03-2023,Arunachal Pradesh,12,Upper Siang,240,3,4,4,735,0,151,38,201,201,73,1148,842,184,1087,61,2160,15,290,117,193,730,247,130,60,37,6,10,1,1
01-07-2023,Uttar Pradesh,9,Agra,118,1048,1165,1104,411382,0,2974,1846,2862,0,20804,139327,190677,8811,137871,1456,416238,644,6466,758,1868,9812,1478,720,21923,43507,16,113,198691,193506
01-03-2023,Andhra Pradesh,28,Prakasam,517,748,871,507,160716,0,4173,1500,4223,4246,5488,79081,77895,13557,77543,1538,180099,48625,17605,15318,13755,59588,28228,12910,7306,10329,21,170,11605,11572
01-03-2023,Kerala,32,Kottayam,560,923,1172,834,81198,0,2046,1695,2050,2050,4332,39377,32472,7630,26610,12767,86501,1141,3727,6020,4341,21309,13241,7221,5003,5317,15,83,7734,7669
01-03-2023,Andhra Pradesh,28,East Godavari,505,1050,1058,555,245296,0,5385,1978,5521,5553,9307,114393,124131,17254,109080,5313,277637,36973,22914,20689,18300,78601,37387,16698,12044,17762,28,225,14184,14134
01-05-2023,Chhattisgarh,22,Gariyaband,645,397,639,761,61215,0,1458,1357,1455,1460,3320,31332,25373,19106,31066,266,68650,16,3437,5331,3905,31152,23810,18479,3764,4861,5,47,25213,19187
01-03-2023,Uttar Pradesh,9,Bhadohi,179,222,228,289,167190,0,1456,840,1478,1493,7134,67800,75391,3711,66973,827,170101,176,2894,220,626,3780,260,40,8796,10980,7,50,54947,54474
01-05-2023,Tamil Nadu,33,Tiruvannamalai,593,1229,1603,1908,147743,0,2127,120,1617,2127,8269,48179,73763,458,45500,2679,151843,8958,3764,1116,40306,45643,1573,457,8664,12968,19,68,73173,72814
01-07-2023,Jharkhand,20,Godda,330,374,526,891,171838,0,1782,1535,1778,0,6844,76603,75604,19379,72022,4581,180171,22,17971,18957,20879,72068,33218,14261,7326,13794,9,66,39596,39380
01-02-2023,Madhya Pradesh,23,Khargone,414,241,273,271,181514,0,1993,1057,2290,2294,4342,93521,79207,6795,93461,60,188710,919,20861,9947,13039,49076,15176,5229,4864,6776,11,82,1330,318
01-04-2023,Chhattisgarh,22,Korba,383,994,1599,1903,113324,0,2414,800,2495,2559,5431,56124,45708,9853,55635,489,121477,119,16822,8127,10843,45215,17550,9423,6354,7860,10,91,31485,27354
01-04-2023,Uttarakhand,5,Haridwar,50,625,718,312,179963,0,3055,2001,3115,3180,11041,76397,99855,12062,73308,3089,219319,548,5742,1885,2484,11217,2991,1106,14424,17602,11,116,6604,6603
01-07-2023,Telangana,36,Nizamabad,516,1056,933,523,133825,0,1500,1495,1489,0,8376,50654,57501,10870,35543,15111,136937,20,7610,6248,4924,29334,16800,10552,8256,12150,5,59,66823,66256
01-07-2023,Rajasthan,8,Sikar,114,463,558,920,123389,0,2129,1686,2138,0,6001,32941,69524,5256,30715,2226,129571,375,8061,3959,5768,21454,7625,3666,7730,13375,9,75,6832,6829
01-04-2023,Bihar,10,Saran,218,3268,3075,632,368502,0,4302,2468,4511,4633,11636,189281,150381,32972,187614,1667,380446,339,41689,27592,28480,127284,57115,29523,12265,16883,21,169,61558,61374
01-06-2023,Bihar,10,Begusarai,191,1818,2040,490,307907,0,3273,2083,3260,3353,7886,165732,118987,16541,163394,2338,321278,113,29604,55480,35364,136419,71451,15971,10582,18091,18,121,85547,85355
01-02-2023,Madhya Pradesh,23,Shahdol,429,105,126,157,109306,0,1588,1274,1597,1599,4769,53589,45095,6621,52730,859,114004,417,12737,8230,8932,35647,13978,5748,4503,6048,6,56,2086,827
01-02-2023,Gujarat,24,Porbandar,456,438,463,427,31732,0,489,446,482,489,2279,13761,12469,9887,13085,676,33116,24,433,3121,972,14312,12907,9786,2350,2257,4,20,15400,15391
01-03-2023,Gujarat,24,Gandhinagar,446,1053,1011,936,90167,0,1062,1051,1055,1062,5928,36719,36482,22601,36572,147,91332,270,3345,5803,3916,35347,28086,22283,5963,6240,8,43,46983,46671
01-05-2023,Assam,18,Karbi Anglong,292,73,46,188,65497,0,2205,1210,2217,2218,3246,41933,28819,7453,40197,1736,79284,424,11027,6772,7844,30006,11135,4363,2536,2750,7,78,3613,1635
01-06-2023,Assam,18,Karimganj,293,79,52,426,132776,0,1495,1068,1499,1570,4095,73630,55183,6066,70760,2870,141678,28,21570,7793,14365,46948,11013,3220,3663,5107,7,51,23159,22940
01-06-2023,Uttar Pradesh,9,Amroha,154,148,199,158,149180,0,1424,920,1384,1430,7687,39415,75093,2556,38260,1155,149953,30,1784,266,398,2575,393,127,10161,17597,7,47,90080,89276
01-07-2023,Tamil Nadu,33,Sivaganga,585,676,1059,1180,64929,0,1552,1324,1263,0,3662,22937,31769,9319,20310,2627,68244,1,2927,4477,2512,19150,13711,9234,3944,5932,12,43,31652,31639
01-06-2023,Puducherry,34,Yanam,601,1,1,3,172,0,7,4,9,9,6,615,446,47,615,0,1103,0,5,15,0,25,20,5,14,22,1,1,0,0
01-04-2023,Odisha,21,Deogarh,351,174,222,409,30788,0,798,238,798,798,1324,14539,11616,136,14474,65,31006,360,1178,9472,2953,13738,9607,135,1334,2193,3,27,1491,1471
01-02-2023,Nagaland,13,Phek,248,12,20,34,41,0,29,1,391,392,63,5433,2549,13,5430,3,8144,1,48,13,16,77,13,0,47,52,6,18,0,0
01-06-2023,Jammu And Kashmir,1,Baramulla,3,1864,1799,177,75129,0,2333,1852,2342,2382,3951,33081,31464,19773,32480,601,78002,721,3525,6269,5433,26132,17174,10905,4347,5159,12,97,5298,4064
01-05-2023,Manipur,14,Kangpokpi,712,173,160,135,22235,0,708,0,721,721,705,12297,8663,0,11229,1068,22941,40,10705,0,0,10705,0,0,615,661,3,25,2519,2346
01-04-2023,Uttar Pradesh,9,Shamli,660,351,397,421,103672,0,971,586,965,987,5611,31162,51353,2727,30558,604,104673,547,1371,341,623,2515,521,180,7003,9544,5,37,47041,46323
01-07-2023,Karnataka,29,Udupi,549,1115,1161,965,50921,0,1191,254,1191,0,3407,16021,23914,189,15806,215,52100,55,3265,5416,5737,14589,5587,171,3854,4904,4,48,17183,17012
01-04-2023,Gujarat,24,Mahisagar,669,1262,1194,1086,95166,0,1316,1242,1305,1316,5386,41991,38096,34664,41744,247,97854,553,1058,4768,2075,42538,39405,34637,5584,6797,11,53,48755,48617
01-02-2023,Arunachal Pradesh,12,Kamle,718,1,1,2,62,0,16,1,118,177,10,202,145,4,186,16,380,0,31,0,0,35,4,4,14,9,2,12,0,0
01-05-2023,Arunachal Pradesh,12,Kamle,718,1,1,4,136,0,89,6,123,190,34,464,418,26,393,71,973,0,162,18,54,248,32,14,42,15,2,12,7,4
01-05-2023,Madhya Pradesh,23,Chhindwara,399,620,851,1110,185035,0,3035,2698,3032,3057,9279,96591,81499,25152,95465,1126,211046,681,20570,11889,13531,69935,35834,23945,10249,13428,14,114,21162,11402
01-02-2023,Odisha,21,Jharsuguda,357,449,550,729,42967,0,966,729,965,967,1943,20085,16795,8005,20054,31,44124,444,1986,4435,1989,16057,12082,7647,2194,3107,7,35,2825,2799
01-06-2023,Madhya Pradesh,23,Indore,410,883,1198,797,191433,0,1839,1823,1819,1839,9459,94669,77371,31853,81817,12852,207424,49,14986,14196,15093,75854,45775,31579,10409,15516,15,72,61313,28384
01-06-2023,Uttar Pradesh,9,Gorakhpur,148,1205,1312,1328,418839,0,4176,1976,4072,4243,15966,167269,181957,5432,164054,3215,424628,91,7380,690,1715,10162,1067,377,21022,38414,20,164,183355,181715
01-05-2023,Haryana,6,Bhiwani,59,794,926,811,85862,0,1274,915,1217,1282,4279,43629,36769,4270,39725,3904,97088,771,4658,2167,2223,13245,6364,4197,5438,6973,9,49,18804,10624
01-06-2023,Telangana,36,Khammam,509,1130,799,1015,82768,0,1838,1676,1766,1840,4059,32902,36642,9251,31743,1159,85256,11,5084,4355,5064,23375,13227,8872,4156,7497,7,76,33436,30837
01-03-2023,Madhya Pradesh,23,Rajgarh,422,264,367,361,144182,0,2193,832,2413,2456,3644,75859,60346,5071,75802,57,150005,734,20692,5508,16018,46643,9933,4425,4406,5750,10,81,140,98
01-04-2023,Odisha,21,Ganjam,354,1484,2074,2370,360406,0,5155,1817,5138,5162,13342,163928,151535,3870,162737,1191,368510,542,23222,82705,41690,151418,86506,3801,16628,23077,24,210,52496,51600
01-02-2023,Maharashtra,27,Latur,481,423,494,512,167518,0,2383,27,2574,2588,10584,76690,65783,177,70330,6360,175527,198,8119,869,4947,14094,1028,159,11044,11426,14,97,4543,4542
01-02-2023,Tamil Nadu,33,Vellore,595,599,799,852,80559,0,1073,646,773,1075,6243,23905,40839,7806,19766,4139,85085,712,2545,5125,3514,18911,12852,7727,6604,7494,8,35,28866,26005
01-03-2023,Madhya Pradesh,23,Niwari,722,41,39,62,36386,0,389,211,483,485,713,20473,16269,1586,20467,6,39487,460,3463,1565,2628,8916,2825,1260,841,1191,2,17,81,55
01-04-2023,Delhi,7,North East,81,843,934,1,66328,0,973,205,939,973,4695,19973,34865,703,19483,490,69293,212,2072,14371,3191,20309,15046,675,4842,4918,8,35,39683,8470
01-02-2023,Meghalaya,17,South Garo Hills,277,8,29,44,801,0,326,191,330,330,854,10889,6819,5505,10811,78,19827,109,1154,2456,1319,10261,7788,5332,777,488,4,11,28,18
01-02-2023,Bihar,10,Sheikhpura,219,482,480,239,65541,0,713,489,714,716,1416,35196,24430,8029,35159,37,66251,232,6111,8271,5425,27491,15955,7684,2267,2942,6,27,13717,13715
01-05-2023,Madhya Pradesh,23,Jabalpur,411,390,433,296,162030,0,2480,2310,2465,2483,5933,85540,68029,38774,85313,227,176619,998,13442,11992,12512,75620,49666,37674,6985,10132,13,93,18714,9948
01-03-2023,Karnataka,29,Yadgir,635,262,382,326,122739,0,1379,967,1386,1386,3613,60420,54441,17307,60282,138,129385,505,12943,12202,12248,54003,28812,16610,4260,6651,4,50,13158,13003
01-05-2023,Bihar,10,Samastipur,217,3434,3047,1237,422504,0,4854,3815,4896,4950,11041,225127,171032,96496,222719,2408,441404,1029,35139,31244,29250,189016,124627,93383,13034,21170,20,273,99393,99209
01-02-2023,Haryana,6,Gurugram,62,770,865,688,90976,0,1029,918,994,1033,6527,49194,38261,7019,47946,1248,108295,562,7651,4089,3408,21966,10907,6818,7502,6811,6,40,28600,20547
01-03-2023,Madhya Pradesh,23,Gwalior,407,165,211,130,149276,0,1227,18,1449,1459,2827,83254,67881,483,83174,80,162030,3215,28801,757,24428,54424,1195,438,3592,4476,10,55,1412,431
01-07-2023,Chhattisgarh,22,Kabirdham,382,671,1201,1295,88102,0,1687,1642,1679,0,4799,36674,38075,26578,35847,827,92315,10,4058,5936,3800,40245,32387,26451,5037,7730,9,63,47128,42949
01-04-2023,Punjab,3,Faridkot,29,3,4,7,29133,0,504,8,510,545,1686,11033,13705,0,9170,1863,31056,201,335,2,16,353,2,0,2068,2564,3,22,0,0
01-05-2023,Bihar,10,Muzaffarpur,208,3733,3245,1317,479997,0,5534,4304,5553,5610,9953,261566,187461,73286,259693,1873,487549,727,51943,36590,42100,202281,108238,71648,10939,17630,17,197,117014,116531
01-07-2023,Bihar,10,Patna,212,4001,3863,923,447807,0,5056,3935,5187,0,9939,237924,178832,78148,234925,2999,467932,74,35980,51120,40534,204408,127894,76774,13994,27243,23,198,147528,146252
01-02-2023,Odisha,21,Koraput,363,599,777,1466,178170,0,3381,2147,3376,3397,8432,82830,71050,36699,82780,50,182805,2181,9055,23242,13259,80088,57774,34532,8328,12165,15,125,11404,10396
01-06-2023,Rajasthan,8,Chittorgarh,95,190,279,487,98475,0,1723,1158,1758,1779,5031,43009,50203,6078,42203,806,113163,168,11474,6654,9664,32728,11590,4936,6129,8791,12,54,9986,9825
01-03-2023,Uttar Pradesh,9,Rae Bareli,175,695,662,769,301941,0,2832,1708,2808,2833,16439,103968,137197,7375,102603,1365,305004,689,2038,61,475,2648,135,74,19839,27561,19,101,149553,149116
01-07-2023,Uttar Pradesh,9,Etah,138,1064,1197,1292,252403,0,1862,1327,1835,0,11163,91350,110909,3258,90476,874,256014,17,2115,173,501,2846,230,57,13308,29284,9,83,135978,135805
01-07-2023,Madhya Pradesh,23,Gwalior,407,514,807,610,159752,0,1458,1417,1444,0,6508,82278,68793,31075,81249,1029,178435,92,13759,16718,15899,74777,45119,28401,7346,13510,10,55,50438,26849
01-03-2023,Jammu And Kashmir,1,Kulgam,622,951,942,116,31948,0,1193,1046,1201,1230,690,16242,11648,12504,16059,183,32278,2844,1805,2064,1702,14133,10626,8562,1654,2044,5,45,1807,1567
01-07-2023,Odisha,21,Deogarh,351,174,222,409,30328,0,798,674,798,0,1264,14353,11525,7708,13731,622,30696,11,1681,2562,1514,13421,10226,7664,1191,2363,3,27,1260,1259
01-02-2023,Manipur,14,Tengnoupal,716,29,38,52,5337,0,358,147,377,377,227,3586,2417,915,3529,57,6716,12,581,1022,740,3161,1840,818,207,279,2,10,1394,1013
01-04-2023,Odisha,21,Kendrapara,360,805,903,1303,118900,0,2147,329,2134,2147,4185,57206,47771,2322,56773,433,120147,501,10524,21747,15614,50513,24375,2628,4292,6693,9,84,6187,5915
01-07-2023,Sikkim,11,Soreng,742,137,146,131,3859,0,154,153,154,0,218,1924,1661,489,1157,767,4303,11,150,164,124,920,646,482,218,282,1,6,830,806
01-04-2023,Haryana,6,Hisar,63,724,862,736,109256,0,1731,1221,1678,1739,5402,60320,50277,5377,55763,4557,132895,719,4945,3587,2616,16312,8751,5164,8137,8759,10,69,26819,21627
01-07-2023,Mizoram,15,Kolasib,263,61,71,72,9866,0,137,92,137,0,399,4430,4227,599,3949,481,10143,477,891,1094,886,3412,1635,541,370,717,2,6,4843,4793
01-02-2023,West Bengal,19,Darjeeling,309,399,558,336,99982,0,3246,2374,2754,3252,6455,49150,38984,14314,48191,959,106962,8429,6751,7621,6827,34569,20991,13370,6694,5679,18,137,37702,27441
01-06-2023,Jharkhand,20,Garhwa,328,276,452,652,50666,0,1281,813,1312,1331,4665,73253,70088,5350,69780,3473,166805,608,20958,7334,13811,46902,12133,4799,6990,11809,9,54,6080,5918
01-04-2023,Delhi,7,Shahdara,671,831,858,2,63819,0,874,95,808,874,4314,20566,32245,375,19293,1273,65611,83,1797,15836,2450,20459,16212,376,4331,4155,7,33,38673,20400
01-02-2023,Haryana,6,Panchkula,70,372,379,369,30116,0,532,435,515,534,2042,16402,12646,2141,15351,1051,35879,1139,1587,2027,1287,6848,3974,1947,2433,2356,4,15,5556,4957
01-07-2023,Bihar,10,Kaimur (bhabua),200,969,996,683,150449,0,1728,1308,1747,0,3379,81640,59894,24168,80651,989,158958,8,12930,18765,13919,69406,42557,23792,4682,9363,11,67,44984,44511
01-02-2023,Maharashtra,27,Solapur,496,1735,1751,1933,305476,0,3850,21,4685,4734,14305,160285,123123,84,156828,3457,326271,222,26367,7813,28268,62531,7896,83,14630,13928,20,151,19001,18997
01-02-2023,Telangana,36,Ranga Reddy,518,991,587,753,135106,0,1597,1398,1590,1601,6776,52233,67531,10400,51140,1093,145449,2522,7472,7515,4628,29518,17418,9903,7365,11544,7,63,42504,39615
01-04-2023,Madhya Pradesh,23,Bhopal,396,375,474,255,147717,0,1830,887,1846,1872,2570,80479,65182,7590,80150,329,157745,2522,23937,10607,13820,55392,17635,7028,3791,5723,10,73,844,42
01-06-2023,Tamil Nadu,33,Erode,573,1497,1615,1568,122803,0,2080,1911,1732,2080,6981,47673,52966,8945,29819,17854,124018,0,5414,8134,5627,27947,16906,8772,7062,9336,15,58,43322,43129
01-07-2023,Kerala,32,Thrissur,566,1613,1810,1493,175063,0,3008,1684,3016,0,6913,94198,65894,246,52736,41462,184609,94,10039,7486,9393,27148,7716,230,7619,9985,23,115,16610,16254
01-06-2023,Arunachal Pradesh,12,Namsai,678,100,128,147,2906,0,281,90,320,320,230,3837,3032,514,3549,288,7698,12,1029,602,765,2862,1068,466,241,358,3,7,145,126
01-05-2023,Rajasthan,8,Rajsamand,112,134,218,369,74275,0,1137,820,1161,1167,3570,27052,37261,3963,26777,275,79648,1188,6981,3699,5865,20079,7233,3534,4965,6800,7,40,6284,6244
01-06-2023,Madhya Pradesh,23,Sehore,427,341,451,624,127010,0,1415,1376,1412,1415,5912,62489,52238,16968,59481,3008,137679,36,13115,11113,13015,53581,27451,16338,6451,10589,9,50,28483,7643
01-03-2023,Himachal Pradesh,2,Una,26,1234,1243,723,36377,0,1364,1328,1361,1364,3175,8617,18353,4282,6311,2306,36725,458,579,640,488,5907,4840,4200,3304,3276,5,59,22851,22531
01-02-2023,Uttarakhand,5,Nainital,51,167,178,77,66876,0,1020,509,1405,1416,3076,21265,38026,2168,20787,478,70520,147,897,370,411,1863,555,185,3660,4493,9,43,4,4
01-07-2023,Mizoram,15,Serchhip,268,120,150,154,6839,0,160,79,160,0,309,3249,2635,379,3211,38,7041,617,763,824,779,2736,1194,370,290,558,2,9,2576,2075
01-04-2023,Himachal Pradesh,2,Kullu,20,965,1010,374,36593,0,1095,939,1093,1095,2386,16468,14068,2039,7156,9312,37970,238,1460,1507,1326,6210,3424,1917,2401,2647,5,45,17291,17248
01-03-2023,Gujarat,24,Junagadh,448,1397,1361,978,92710,0,1428,1320,1410,1428,6218,38914,35299,25115,38712,202,93710,3853,3422,5563,3665,37650,30563,25000,6265,7014,11,57,45721,45667
01-06-2023,Tripura,16,South Tripura,271,982,996,1269,32166,0,1296,1005,1315,1322,1487,18976,15210,6799,18205,771,39597,226,2723,4624,3073,17074,11278,6654,1543,2381,8,66,7756,7105
01-03-2023,Karnataka,29,Dharwad,536,723,800,574,122785,0,1499,418,1495,1505,3878,55979,57932,4883,55649,330,131546,1138,12676,9999,19393,46778,14709,4710,4946,8811,6,58,2241,2235
01-04-2023,Telangana,36,Narayanpet,721,231,153,129,44354,0,704,579,691,704,2035,19801,19660,6131,19621,180,47091,247,2879,3346,2167,14325,9279,5933,2236,3359,3,29,16612,15961
01-07-2023,Rajasthan,8,Tonk,116,181,244,406,100422,0,1474,1280,1473,0,4656,38112,49377,3439,34247,3865,108235,194,9800,3145,5722,21277,5755,2610,5581,10509,7,45,10630,10617
01-02-2023,Puducherry,34,Pondicherry,600,290,286,146,9757,0,491,160,629,661,1737,8353,16564,281,7245,1108,30891,84,541,250,325,1335,469,219,2113,2124,4,23,127,123
01-06-2023,Andaman And Nicobar Islands,35,North And Middle Andaman,632,230,203,138,3198,0,264,127,259,268,264,1080,2136,211,1044,36,3946,60,180,375,252,1013,581,206,233,233,2,9,821,780
01-05-2023,Gujarat,24,Botad,676,550,533,447,48206,0,569,563,569,569,2484,21230,20464,14266,21163,67,50383,466,1813,3414,3031,22517,17673,14259,2517,3688,6,23,25089,24653
01-06-2023,Madhya Pradesh,23,Jabalpur,411,653,745,876,164730,0,2483,2415,2465,2483,6586,85008,68841,37826,84681,327,180314,101,12631,14713,12445,76469,51393,36680,7453,12426,13,93,42407,22503
01-03-2023,Uttar Pradesh,9,Maharajganj,164,604,860,888,329127,0,3094,1914,3120,3156,14467,134713,140875,8564,132298,2415,333169,686,5466,599,1761,8138,911,312,18535,24579,13,113,100848,99431
01-03-2023,Ladakh,37,Leh Ladakh,9,278,284,210,5204,0,403,153,458,463,207,2957,2839,536,2796,161,6500,145,707,648,475,2308,1126,478,277,220,6,22,275,270
01-03-2023,Bihar,10,Arwal,611,567,652,123,75673,0,811,379,838,852,2135,40750,29505,7600,40669,81,77493,123,7494,8241,7752,30884,15638,7397,2081,3022,5,31,13043,12987
01-06-2023,Karnataka,29,Shivamogga,547,483,590,528,93144,0,2437,1838,2437,2440,4701,36234,40859,8740,34962,1272,95935,70,9830,8866,8277,35397,17290,8424,5929,8212,7,88,32399,32339
01-02-2023,Uttar Pradesh,9,Lalitpur,161,130,182,174,142978,0,1115,334,1126,1126,5265,58566,60548,957,58436,130,145128,137,2448,156,431,3108,229,73,8814,11935,7,41,60884,60768
01-05-2023,Rajasthan,8,Sawai Madhopur,113,152,202,368,91982,0,1077,696,1100,1117,4826,36195,48641,2385,34683,1512,105280,1926,6528,2070,3548,13850,3774,1704,6166,9452,6,38,7774,7766
01-05-2023,Nagaland,13,Wokha,250,9,9,31,90,0,243,6,358,358,139,2978,1476,27,2714,264,4780,3,565,47,81,712,66,19,89,98,5,15,0,0
01-03-2023,Chhattisgarh,22,Korea,384,143,321,323,57186,0,1149,0,1785,1793,315,30328,26475,0,30328,0,58651,43,2731,37,320,3088,37,0,427,1106,6,54,26,10
01-04-2023,Telangana,36,Nizamabad,516,1056,933,523,132649,0,1499,1361,1488,1500,7226,53731,55983,13887,52200,1531,135989,4618,6570,6638,4976,31540,19994,13356,8073,10976,5,59,52287,50293
01-06-2023,Puducherry,34,Karaikal,598,32,47,34,6162,0,172,163,170,172,362,1151,4631,534,1144,7,7320,21,311,280,187,1274,776,496,456,720,1,5,378,12
01-04-2023,Odisha,21,Kendujhar,361,938,832,1741,191706,0,3336,282,3343,3351,8649,93537,77241,506,92971,566,201339,1108,13992,42687,29397,86544,43155,468,8847,13065,14,123,15143,15011
01-06-2023,Uttar Pradesh,9,Kanpur Nagar,157,825,840,753,225395,0,2132,1873,1977,2134,12237,67137,111283,299,66314,823,226649,189,354,3,185,542,3,0,13192,22800,12,82,132426,132275
01-04-2023,Tripura,16,Unakoti,655,430,402,617,27638,0,644,191,657,658,1349,14864,11579,837,14650,214,31172,273,2202,5982,4335,13286,6749,767,1549,1831,6,33,7687,7357
01-04-2023,Uttar Pradesh,9,Moradabad,171,668,870,611,300721,0,2752,1400,2682,2770,16668,92047,147250,3051,90031,2016,302800,1230,4784,707,2096,7908,1028,321,19824,27011,9,151,145341,143534
01-05-2023,Rajasthan,8,Udaipur,117,491,772,1297,226216,0,3137,2683,3159,3175,11911,90349,110716,32042,88794,1555,246493,2433,16555,13783,15335,75633,43743,29960,14800,18717,15,123,51187,51081
01-02-2023,Bihar,10,Katihar,201,1937,1924,941,354053,0,3281,1382,3292,3399,12305,178560,136875,21278,177751,809,356973,354,34452,42142,27404,124515,62659,20517,13395,15838,16,120,39751,39329
01-06-2023,Arunachal Pradesh,12,Kurung Kumey,233,0,0,3,579,0,120,5,244,325,66,855,567,6,729,126,1576,0,306,75,91,478,81,6,47,41,6,7,6,2
01-06-2023,West Bengal,19,Birbhum,307,579,703,1471,390015,0,5133,4722,4713,5188,16461,174996,157930,126971,165441,9555,399140,6108,8375,19673,8972,161872,144525,124852,16802,32951,24,212,140618,120934
01-03-2023,Delhi,7,Shahdara,671,829,858,2,64097,0,874,866,808,874,4408,21027,32035,13728,20490,537,65912,89,1509,3577,1701,20737,17527,13950,4473,3969,7,33,38444,30252
01-07-2023,Uttar Pradesh,9,Ghaziabad,145,795,900,463,153335,0,1370,972,1314,0,8469,34465,85873,3302,33800,665,156161,84,8798,3893,6871,21855,6186,2293,9309,18045,5,52,62824,61470
01-02-2023,Madhya Pradesh,23,Ashoknagar,391,67,58,110,72559,0,965,247,1077,1089,1133,42545,33821,2355,42540,5,80597,580,11391,3407,7172,23860,5297,1890,1160,1938,5,37,133,122
01-05-2023,Gujarat,24,Ahmadabad,438,3554,3595,1942,322029,0,3627,3541,3559,3628,17360,147288,132799,95097,119735,27553,338417,1780,9748,12900,9750,127357,107859,94959,17101,23869,30,146,158957,158775
01-03-2023,Bihar,10,Begusarai,191,1817,2039,490,291271,0,3140,1719,3255,3355,5841,157938,110923,37536,156758,1180,294321,795,29949,23810,24514,112783,58320,34510,8026,11593,18,121,30088,29959
01-02-2023,Rajasthan,8,Jhalawar,105,102,172,418,116845,0,1503,1049,1513,1513,6584,49462,52461,4023,48234,1228,127056,1085,11361,6729,10219,31353,9773,3044,8676,9873,8,49,9857,9739
01-06-2023,Uttar Pradesh,9,Gonda,147,1388,1548,1239,377471,0,3060,1855,3042,3095,15148,132464,176793,4839,128992,3472,380758,101,4087,369,904,5516,525,156,20094,36259,17,109,169489,168360
01-07-2023,Uttar Pradesh,9,Gonda,147,1388,1548,1239,378508,0,3079,2178,3042,0,14248,134154,178223,6674,130494,3660,383052,104,5221,593,1964,7914,729,136,18113,38314,17,109,188682,186415
01-05-2023,Uttar Pradesh,9,Moradabad,171,668,870,612,302167,0,2757,1980,2680,2770,15192,92087,149807,3761,90184,1903,303843,1139,4902,683,1686,7624,1036,353,18013,28744,9,151,142592,141434
01-07-2023,Andhra Pradesh,28,Y.s.r.,504,597,676,796,154304,0,3605,2026,3567,0,4808,74956,76634,19555,70708,4248,172836,2267,13455,13963,11312,57996,33229,19266,5875,10563,15,147,15173,15149
01-03-2023,Goa,30,South Goa,552,287,267,121,15381,0,640,429,711,718,1884,13622,19835,1917,12311,1311,40350,293,1759,2242,1879,7682,4044,1802,2345,2664,7,33,3203,3203
01-04-2023,Uttar Pradesh,9,Amroha,154,148,199,157,147302,0,1411,713,1387,1430,8567,38902,72959,1936,37395,1507,148325,3590,1793,311,595,2717,329,18,11474,16423,7,47,79449,78361
01-03-2023,Lakshadweep,31,Lakshadweep District,553,8,8,6,4718,0,31,0,70,73,305,1901,3398,0,1893,8,6279,362,129,2,75,206,2,0,284,391,9,9,0,0
01-05-2023,Nagaland,13,Dimapur,244,7,22,40,259,0,402,109,523,525,360,7121,3952,761,6477,644,11959,15,1596,289,598,2776,582,293,267,259,6,21,15,3
01-07-2023,Madhya Pradesh,23,Sidhi,433,80,283,281,122303,0,1902,1801,1890,0,4946,64085,51976,25605,63833,252,136597,26,10318,14081,12524,61013,38171,24090,5689,9901,7,73,35275,12507
01-07-2023,Gujarat,24,Gir Somnath,675,1085,1061,676,83890,0,1166,1158,1166,0,5546,29649,38313,26521,28923,726,86716,14352,1177,1469,1221,30380,27982,26513,5528,7680,8,47,48565,48426
01-06-2023,West Bengal,19,Jalpaiguri,314,422,518,821,211938,0,3933,3769,3453,3940,9682,97610,80916,50025,95444,2166,213934,787,8970,11370,7430,77309,60909,49539,10285,15441,16,169,65934,47386
01-07-2023,Bihar,10,Jehanabad,199,839,920,635,99590,0,1272,1058,1250,0,1917,53778,40308,20822,53159,619,104358,8,6989,11602,8017,47167,32161,20559,2534,5821,7,70,33714,33554
01-05-2023,Bihar,10,Aurangabad,189,1407,1408,1381,196083,0,2483,1756,2519,2735,4327,110035,75372,37456,108883,1152,203592,190,19156,17448,17813,89550,52581,35133,4976,8882,11,150,18790,17653
01-07-2023,Karnataka,29,Gadag,537,242,340,293,80412,0,1166,1022,1100,0,2456,35709,34708,13147,35355,354,83144,17,6215,8033,6252,33415,20948,12915,3280,6991,5,45,25760,25673
01-05-2023,Kerala,32,Idukki,556,599,892,766,60849,0,1537,1158,1560,1561,3194,29045,25072,3624,19959,9086,64912,1112,4425,4511,4122,16501,7954,3443,3574,4027,13,55,9902,9604
01-02-2023,Karnataka,29,Chikkamagaluru,532,625,715,693,59401,0,1812,1007,1825,1825,3743,23809,26852,3705,23526,283,63733,457,4115,8163,5407,21091,11569,3406,4010,5319,7,65,3650,3621
01-07-2023,Bihar,10,Bhojpur,193,1857,2106,479,239166,0,2937,2224,2967,0,5486,131060,95062,37437,129168,1892,253110,9,22365,26925,22459,108246,63422,36497,7756,13746,15,116,65014,64872
01-07-2023,Andhra Pradesh,28,Krishna,510,835,919,935,171436,0,3800,1693,3781,0,4354,91000,82094,6826,69645,21355,195988,2220,17089,12362,11407,47499,19003,6641,6238,12302,21,151,21985,21961
01-07-2023,Tamil Nadu,33,The Nilgiris,587,469,461,433,26511,0,485,482,390,0,1413,9890,11723,2416,6386,3504,26672,0,1012,1297,731,5422,3679,2382,1408,2238,4,20,12546,12543
01-03-2023,Madhya Pradesh,23,Ashoknagar,391,67,58,110,71207,0,935,460,1077,1089,822,42804,33116,3733,42799,5,79209,566,9386,3609,6883,22608,6339,2730,932,1535,5,37,52,30
01-02-2023,Punjab,3,Sangrur,43,11,10,10,37153,0,494,0,1951,1966,1656,25530,37279,0,24765,765,69011,637,15,0,0,15,0,0,2092,2454,10,73,0,0
01-04-2023,Mizoram,15,Serchhip,268,120,150,154,6937,0,160,46,160,160,394,3147,2661,197,3112,35,7068,525,927,719,982,2822,913,194,389,477,2,9,1876,985
01-02-2023,Tripura,16,Sepahijala,653,960,989,1113,46581,0,1254,793,1283,1283,2722,22902,18986,7301,22824,78,50475,194,3132,5821,3970,19581,12479,6658,2701,3164,6,55,8083,7760
01-04-2023,Uttar Pradesh,9,Ambedkar Nagar,121,1013,1184,1275,267116,0,2548,1792,2534,2553,11479,116913,106866,5080,114191,2722,268533,5765,3772,469,1539,5789,478,9,13503,19772,10,98,113758,113460
01-03-2023,Jharkhand,20,Palamu,338,978,1192,952,175105,0,2464,1536,2537,2595,9596,117967,109756,17666,116631,1336,264348,598,26185,22386,27378,91979,38416,16030,11761,15268,14,81,33354,32889
01-06-2023,Bihar,10,Vaishali,224,2807,2578,573,341420,0,3785,2996,3839,3883,7770,184125,134295,51031,182331,1794,352182,179,30780,36123,31809,147961,85372,49249,9750,16242,17,144,79687,79219
01-05-2023,Chhattisgarh,22,Mohla Manpur Ambagarh Chouki,761,0,0,0,0,0,0,0,0,0,0,0,0,0,0,0,0,0,0,0,0,0,0,0,0,0,0,0,0,0
01-07-2023,West Bengal,19,Howrah,313,757,776,875,355747,0,4473,4111,4196,0,15340,172269,138551,87906,162813,9456,366991,2505,14080,27420,13513,141926,114333,86913,15141,25690,22,198,153736,124981
01-06-2023,Andhra Pradesh,28,Alluri Sitharama Raju,745,0,0,0,0,0,0,0,0,0,0,0,0,0,0,0,0,0,0,0,0,0,0,0,0,0,0,0,0,0
01-03-2023,Maharashtra,27,Hingoli,477,203,242,195,101001,0,1140,420,1185,1196,4477,48391,40456,7584,43849,4542,105821,219,11434,8533,9017,36329,15878,7345,5705,6792,7,43,25904,25859
01-07-2023,Gujarat,24,Amreli,439,1564,1455,1242,86141,0,1613,1596,1611,0,4971,33573,36668,25533,29840,3733,87726,28133,1481,2525,1459,30954,28014,25489,4942,7572,13,64,48484,48386
01-05-2023,Karnataka,29,Mysuru,545,801,884,832,122467,0,2857,869,2806,2860,3095,50539,59049,4555,50370,169,122890,952,10910,5364,22363,46297,13024,7660,4059,6148,9,107,50609,49948
01-03-2023,Madhya Pradesh,23,Satna,426,170,192,157,170074,0,2683,13,3024,3034,2906,95811,75921,108,95733,78,183236,915,28601,204,25938,54799,260,56,3723,4875,14,109,1494,254
01-04-2023,Gujarat,24,Gandhinagar,446,1052,1015,932,89985,0,1062,1053,1046,1062,5524,36389,37134,20606,36239,150,91311,266,3715,6846,4621,35482,27146,20300,5537,6727,8,43,47796,47677
01-05-2023,Uttar Pradesh,9,Kaushambi,158,816,941,672,205892,0,1748,835,1741,1775,7015,62049,105385,4630,61368,681,210005,259,2360,202,558,3304,386,184,11412,24144,9,53,72594,72002
01-02-2023,Rajasthan,8,Jodhpur,107,445,505,902,211172,0,2496,1837,2532,2532,11707,84465,89404,13141,80030,4435,213619,2094,20832,15066,16851,64729,27046,11980,14523,13520,12,105,20178,19947
01-04-2023,West Bengal,19,Purulia,321,321,302,846,319111,0,4912,3788,4673,4945,16618,145677,129226,75476,135307,10370,333583,30696,10555,27606,11934,122801,100312,72706,17453,24609,23,224,137402,98751
01-06-2023,Karnataka,29,Chitradurga,533,458,734,1148,104451,0,2321,1683,2314,2324,3336,42872,50323,7663,41783,1089,108067,1714,13223,10131,10196,40171,16752,6621,4432,7104,7,88,17087,17034
01-02-2023,Uttar Pradesh,9,Pilibhit,173,450,667,573,229785,0,1947,1292,1943,1960,13338,90746,95422,5067,89051,1695,232803,239,4431,548,1239,6337,667,119,15577,17720,8,66,108655,108005
01-04-2023,Madhya Pradesh,23,Narsinghpur,418,141,176,189,76590,0,1024,11,1190,1192,1052,43841,34120,14,43810,31,82715,2040,11858,2629,6341,20836,2637,8,1388,2314,6,44,60,5
01-02-2023,Mizoram,15,Kolasib,263,48,56,55,5349,0,128,14,137,137,373,4699,3942,44,4644,55,9895,52,1578,652,719,2985,688,36,339,542,2,6,1490,1368
01-06-2023,Chhattisgarh,22,Surguja,389,473,1397,1307,87941,0,2428,1303,2452,2468,4183,43534,41110,10734,43329,205,99341,4,7877,11833,12035,42172,22260,10427,4354,6160,9,69,29412,26167
01-03-2023,Rajasthan,8,Hanumangarh,101,614,715,837,108557,0,1243,885,1246,1248,8522,31682,56228,1475,31315,367,115550,777,8672,2931,5723,18011,3616,685,9480,9638,7,44,24777,24727
01-04-2023,Arunachal Pradesh,12,East Kameng,231,2,0,2,188,0,111,44,140,417,97,1395,823,424,1313,82,2457,0,265,203,288,939,386,183,69,73,6,15,0,0
01-04-2023,Manipur,14,Noney,714,35,74,39,2401,0,152,29,182,182,192,2572,1809,228,2361,211,4852,45,756,334,414,1583,413,79,131,148,2,6,244,174
01-04-2023,Madhya Pradesh,23,Betul,394,197,295,297,125544,0,2116,602,2321,2347,2262,67611,56009,2695,67244,367,133184,1775,17644,11076,12190,43391,13557,2481,3008,4294,12,90,1088,489
01-07-2023,Odisha,21,Ganjam,354,1484,2074,2372,364505,0,5161,4960,5139,0,12784,154943,152096,101765,153411,1532,367102,178,12492,21449,11863,146631,122276,100827,16427,30852,24,210,100986,100525
01-03-2023,Madhya Pradesh,23,Khargone,414,241,273,271,177452,0,1900,391,2284,2294,3290,94542,77703,2281,94475,67,184798,900,20520,9250,14482,46140,11138,1888,3933,5330,11,82,555,103
01-04-2023,Haryana,6,Panipat,71,440,570,378,69404,0,1034,614,1027,1048,3208,44880,34523,3613,39845,5035,94237,23397,6499,3771,3962,17712,7251,3480,5208,6418,6,42,7902,6733
01-02-2023,Tamil Nadu,33,Tiruppur,634,1108,1272,1193,127812,0,1512,1250,1299,1512,9234,49331,54799,6932,38067,11264,132849,346,5500,8836,4646,25721,15575,6739,9289,10196,14,43,66267,49498
01-02-2023,Arunachal Pradesh,12,Anjaw,628,0,0,0,11,0,8,1,34,211,4,203,151,9,202,1,371,0,16,9,16,48,16,7,3,10,4,10,0,0
01-03-2023,Assam,18,Darrang,283,40,30,92,115509,0,2134,985,2162,2163,7048,58442,49546,6082,57905,537,127745,2198,12227,6757,9476,32567,10864,4107,6565,6144,6,96,5787,5763
01-07-2023,Odisha,21,Khordha,362,733,799,1131,158861,0,2554,2472,2534,0,7385,67673,63791,34064,66864,809,160181,74,6115,6741,4590,51147,40442,33701,7771,13561,13,102,18393,18348
01-02-2023,Bihar,10,Patna,212,4005,3868,924,437295,0,4965,2033,5213,5262,11070,226514,173151,30391,225216,1298,446400,692,45930,53583,44331,172135,81874,28291,14076,21589,23,198,63186,62879
01-03-2023,Karnataka,29,Bengaluru Rural,526,352,479,410,51206,0,1227,1064,1225,1229,1478,21439,28538,13109,20934,505,56447,837,1839,3450,2270,20364,16255,12805,1792,3200,4,43,1998,1995
01-02-2023,Maharashtra,27,Amravati,468,2261,2122,2091,204968,0,1305,5,3180,3189,13110,99227,80383,30,92298,6929,219401,396,6593,1107,5386,13116,1137,30,13731,12950,17,123,10332,10327
01-04-2023,Delhi,7,North,80,1439,1504,3,103318,0,1529,210,1439,1529,8360,25227,54391,263,24772,455,105230,3380,2706,21480,2610,27043,21727,247,8365,8887,13,59,67971,2655
01-02-2023,Mizoram,15,Lunglei,265,21,61,62,9970,0,332,61,418,418,491,7648,5873,322,7583,65,15088,31,1451,747,1011,3431,969,222,473,603,4,16,1566,946
01-02-2023,Jharkhand,20,Ramgarh,607,341,539,393,26451,0,1009,521,1040,1041,2848,31040,30055,4266,30472,568,72030,772,6469,7105,6432,23936,11035,3930,2991,5096,7,41,2789,2781
01-05-2023,Maharashtra,27,Parbhani,489,1007,1110,1292,112213,0,1517,677,1824,1841,4212,61716,48014,12371,57344,4372,126739,313,11252,7470,8250,40582,21080,13610,5163,7634,12,69,21175,21111
01-02-2023,Andhra Pradesh,28,Kurnool,511,145,156,113,261438,0,3470,873,3539,3551,7985,118332,128286,8942,117171,1161,284108,29618,26651,19297,20451,74829,27727,8430,10999,18506,17,142,16322,15907
01-02-2023,Tamil Nadu,33,Coimbatore,569,1624,1561,1549,126853,0,1697,1548,1487,1697,10557,29934,67240,10884,25186,4748,130964,3653,2018,9560,2490,24812,20304,10744,10679,12554,18,48,84166,83945
01-02-2023,Assam,18,Karbi Anglong,292,72,45,186,66770,0,2199,210,2218,2218,4196,42425,28255,1186,41110,1315,81035,373,11505,6664,10123,29191,7563,899,3354,2805,7,78,337,230
01-03-2023,Bihar,10,Gaya,196,2242,2168,2159,366610,0,4426,1097,4553,4611,5564,202956,145826,14462,202284,672,372233,1093,37543,17447,21148,88941,30250,12803,6296,11591,25,172,21110,20883
01-02-2023,Tamil Nadu,33,Salem,584,2066,1864,1914,226354,0,2696,2509,2266,2696,16948,78364,102012,32087,60825,17539,233035,541,5969,9333,4315,51180,40896,31563,17046,18665,22,90,128418,127664
01-02-2023,Gujarat,24,Dang,444,426,414,425,26912,0,441,358,431,441,1945,11477,11421,6221,11468,9,28733,6,899,2727,1303,11083,8881,6154,1918,1972,3,18,13910,13849
01-02-2023,Himachal Pradesh,2,Lahul And Spiti,21,43,35,51,501,0,111,25,123,123,65,623,628,93,606,17,1465,12,263,42,67,439,109,67,66,83,2,8,101,69
01-04-2023,Andhra Pradesh,28,Guntur,506,1020,1204,549,236410,0,4397,2000,4386,4415,6645,112429,116203,13330,104692,7737,259929,38414,20595,23768,17452,74625,36578,12810,9329,15323,23,177,40952,40628
01-06-2023,Assam,18,Kokrajhar,294,76,54,166,79216,0,1681,1331,1657,1687,3735,41881,32064,8915,38690,3191,85280,212,9553,7891,8391,31608,13664,5773,3207,4393,5,76,2229,2017
01-04-2023,Karnataka,29,Shivamogga,547,482,589,518,89096,0,2328,1279,2438,2439,2910,43085,41437,5140,42709,376,97898,3607,9753,9829,9749,34157,14655,4826,4033,6433,7,85,16155,16021
01-02-2023,Haryana,6,Charki Dadri,701,436,522,355,41161,0,634,562,612,634,2837,19528,15882,2491,11996,7532,44284,49,1424,1763,1089,6681,4168,2405,3277,2760,3,24,15608,10074
01-05-2023,Uttar Pradesh,9,Varanasi,187,887,887,726,384014,0,3909,2961,3810,3933,18618,136865,180946,16429,134289,2576,390152,877,3743,317,790,4930,397,80,20630,33093,9,142,112530,111403
01-05-2023,Uttar Pradesh,9,Etah,138,1064,1197,1292,254009,0,1863,975,1835,1864,13149,89115,109444,1303,88304,811,257677,135,2065,140,772,2990,153,13,16562,29407,9,83,127955,127572
01-03-2023,Uttar Pradesh,9,Banda,128,94,118,126,178156,0,1658,791,1683,1705,8696,64168,84394,2753,62995,1173,180665,441,2672,155,787,3683,224,69,9842,13565,9,64,61163,60556
01-04-2023,Uttar Pradesh,9,Maharajganj,164,604,860,888,323880,0,3113,1917,3120,3156,13277,130767,140785,7932,128088,2679,326485,656,4540,508,1522,6796,734,226,17026,24630,13,113,67323,66475
01-07-2023,Telangana,36,Medchal Malkajgiri,700,619,666,224,130675,0,793,773,750,0,6109,48875,63454,2990,46708,2167,133387,0,7101,2891,3115,16010,5794,2903,5844,9105,3,32,49252,45735
01-05-2023,Punjab,3,Sri Muktsar Sahib,39,50,61,115,50278,0,804,35,860,894,2967,19437,22742,22,14300,5137,52729,60,336,6,75,439,28,22,3191,4392,4,33,9,9
01-03-2023,Manipur,14,Ukhrul,260,56,55,88,13862,0,638,265,651,651,557,8440,6249,2458,8227,213,16213,23,2116,1105,1602,5940,2222,1117,517,450,3,20,1980,1277
01-05-2023,Madhya Pradesh,23,Dewas,402,529,577,783,136777,0,1855,1761,1838,1860,7097,70729,58149,18259,70219,510,154582,134,18572,9089,13151,57821,26098,17009,8023,10584,9,82,19318,11829
01-07-2023,Manipur,14,Kamjong,717,10,13,17,4541,0,3,0,395,0,89,3393,2135,0,3179,214,5814,7,4,0,0,4,0,0,75,122,3,11,0,0
01-05-2023,Uttar Pradesh,9,Jhansi,153,739,843,701,140930,0,1365,668,1361,1379,4609,60028,57209,3006,59645,383,143131,907,2307,458,487,3316,522,64,7367,13918,9,93,36691,36320
01-05-2023,Jharkhand,20,Dumka,326,809,1049,1171,145288,0,2056,1925,2048,2060,6037,81196,64853,40854,76806,4390,168022,54,9598,13330,10196,72468,52674,39344,5797,10139,10,72,27764,27551
01-03-2023,Jammu And Kashmir,1,Kupwara,8,1991,1953,165,71824,0,2274,1859,2304,2319,2849,36658,27742,22939,36113,545,74672,4612,5251,2157,3252,15314,6811,4654,3433,3990,11,92,986,681
01-04-2023,Rajasthan,8,Rajsamand,112,134,218,369,75132,0,1148,758,1162,1167,4025,26776,37149,2649,26564,212,80256,5792,7588,4433,6158,20535,6789,2356,5533,6773,7,40,7481,7439
01-03-2023,Jammu And Kashmir,1,Poonch,10,1165,1149,90,41608,0,1403,1269,1398,1416,2464,17505,16554,14146,17412,93,42383,673,612,3090,1011,17827,16204,13114,2841,3019,6,54,14199,13569
01-06-2023,West Bengal,19,Medinipur East,317,670,829,899,482442,0,6258,5839,5129,6343,22360,217416,191099,135172,205816,11600,490159,14727,12961,25034,15422,185592,157209,132175,22290,36994,30,250,170151,146531
01-07-2023,Arunachal Pradesh,12,East Siang,232,8,2,13,1077,0,123,82,162,0,76,1113,1080,423,922,191,2438,51,180,121,184,789,425,304,80,89,3,6,157,95
01-05-2023,Assam,18,Dima Hasao,299,7,5,12,13081,0,591,82,613,613,527,8560,5790,457,7813,747,15759,72,2972,368,1025,4642,645,277,411,471,5,17,1661,1603
01-06-2023,Telangana,36,Mulugu,720,155,170,458,20177,0,635,523,597,640,954,8288,9114,2900,8057,231,21390,11,1225,1735,1322,6995,4448,2713,1047,1987,4,27,6981,6347
01-03-2023,Rajasthan,8,Alwar,87,439,619,1073,272144,0,3390,2116,3437,3449,16219,96563,137692,9385,88811,7752,292659,7843,21669,9778,14659,53685,17357,7579,19889,22296,15,124,28598,28552
01-05-2023,Karnataka,29,Mandya,544,635,723,686,87602,0,2546,524,2464,2546,4598,30745,42470,894,30660,85,87928,1984,4306,2063,23477,30719,2936,873,4689,5426,8,89,2062,1980
01-06-2023,Rajasthan,8,Churu,96,486,584,637,129837,0,1664,1291,1668,1677,7062,40929,68875,10418,39796,1133,138029,772,9039,7757,7913,34084,17132,9375,8674,12489,9,64,46874,46761
01-05-2023,Odisha,21,Sonepur,372,167,186,512,56741,0,1556,1456,1542,1556,2932,24349,22424,15486,23242,1107,57305,261,1851,3160,1766,21981,18364,15204,3186,4414,6,57,1101,1078
01-04-2023,Telangana,36,Sangareddy,691,926,635,613,104216,0,1503,1373,1495,1505,4373,43694,44094,15295,42964,730,106230,466,5112,6120,3784,29875,20979,14859,5339,8730,5,60,52239,51153
01-07-2023,Uttarakhand,5,Pauri Garhwal,52,707,801,514,29918,0,1825,1087,1828,0,1682,7287,17520,565,7104,183,30948,37,1239,1293,1563,4476,1674,381,1834,2625,15,43,3674,3670
01-02-2023,Jammu And Kashmir,1,Anantnag,1,1776,1778,211,69211,0,2197,1834,2205,2210,2197,33612,25940,22797,33375,237,69695,2324,5979,5794,5981,29322,17362,11568,3665,4281,8,89,6281,5468
01-06-2023,Telangana,36,Jangoan,689,273,215,194,31342,0,694,631,682,695,1849,12357,13932,3556,11367,990,32805,17,1460,1643,1572,8029,4997,3354,1891,2776,3,27,13427,11411
01-04-2023,Kerala,32,Kasaragod,558,534,707,637,97925,0,1342,2,1348,1348,4956,51426,36745,0,38138,13288,105316,164,9042,2745,9065,20852,2745,0,5602,6587,12,41,5476,5470
01-05-2023,Maharashtra,27,Palghar,665,952,1109,1399,200154,0,3026,1612,3160,3183,7772,101757,79804,17450,100725,1032,206981,60,20073,12778,15449,65198,29676,16898,8386,9262,13,104,36540,36525
01-03-2023,Tamil Nadu,33,Vellore,595,605,802,856,81350,0,1075,739,771,1075,5591,24792,41158,9743,20627,4165,85099,646,2542,3629,3242,19064,13280,9651,6056,7502,8,35,29609,28161
01-02-2023,Andhra Pradesh,28,Kakinada,746,1144,1347,603,215849,0,4394,2142,0,0,5040,108189,106821,13163,97521,10668,0,3317,24105,16288,15767,69036,29164,12876,7456,14830,0,0,31268,31051
01-04-2023,Punjab,3,Ludhiana,36,9,8,6,77373,0,2106,3,2353,2487,4967,40327,52529,0,36767,3560,113010,993,1114,0,57,1171,0,0,6932,8255,16,93,0,0
01-04-2023,Uttar Pradesh,9,Sitapur,183,164,163,206,621293,0,4138,1889,4123,4235,27858,225795,282669,6363,222064,3731,628005,1114,4931,293,1082,6377,364,71,35331,56352,20,143,198092,196716
01-03-2023,Uttar Pradesh,9,Lalitpur,161,130,183,175,144265,0,1122,403,1119,1126,5124,59675,60943,1311,59517,158,146060,274,2915,254,359,3626,352,98,8629,11689,7,41,55893,55726
01-05-2023,Jharkhand,20,Ranchi,339,570,830,1497,177933,0,2825,2441,2796,2830,10237,87979,95541,32945,84262,3717,218582,1092,16744,16493,16718,81682,48220,31727,10469,14356,16,95,20594,20354
01-02-2023,Madhya Pradesh,23,Raisen,421,106,130,132,113479,0,1344,371,1852,1858,1866,60454,49929,3212,60442,12,118771,1959,14505,5622,6279,29152,8368,2746,2223,4299,7,61,380,55
01-03-2023,Chhattisgarh,22,Rajnandgaon,388,1099,1484,1514,122854,0,2056,9,2971,3000,2935,67436,54146,22,67316,120,132615,424,13717,5491,13861,33090,5512,21,3930,4168,12,98,7301,6543
01-06-2023,Rajasthan,8,Pali,111,372,600,939,140509,0,1814,1352,1816,1834,7222,48532,71508,2627,46260,2272,151928,1311,13858,8182,12406,36774,10510,2328,9880,14786,10,66,13196,13023
01-03-2023,Jammu And Kashmir,1,Bandipora,623,466,433,35,23400,0,756,525,789,810,891,11547,10788,5847,11031,516,26272,461,2413,1739,1456,9039,5170,3431,1385,1661,4,29,1725,1081
01-04-2023,Rajasthan,8,Bhilwara,92,333,352,705,165588,0,2090,1385,2185,2214,10996,59489,85817,6571,57900,1589,185969,5438,13189,7539,10521,36234,12524,4985,13464,16203,12,74,20650,20594
01-07-2023,Odisha,21,Sonepur,372,179,190,523,56110,0,1556,1484,1543,0,2751,23743,22517,15327,22545,1198,56626,96,1311,3674,1538,21557,18708,15034,2835,4780,6,57,1852,1852
01-06-2023,Uttar Pradesh,9,Fatehpur,142,1212,1160,1263,338256,0,2893,2063,2823,2909,12844,136774,145893,5921,135303,1471,340718,173,1889,284,568,2828,371,87,15119,30088,14,107,138496,137947
01-06-2023,Haryana,6,Nuh,604,397,584,557,55990,0,1035,404,1050,1150,1105,69650,42934,972,68339,1311,123021,1587,19563,1563,11252,33288,2473,910,2950,6382,7,45,3708,3228
01-04-2023,Madhya Pradesh,23,Raisen,421,107,132,133,109646,0,1632,536,1851,1858,1586,61218,47839,4010,61192,26,116279,1899,16110,9375,9714,38909,13085,3710,2213,3423,7,61,205,98
01-03-2023,Maharashtra,27,Jalna,479,853,1244,1288,163572,0,2087,908,2155,2174,8280,83050,68891,16314,81497,1553,180532,1056,18907,15543,15687,65771,31177,15634,9268,11043,13,76,45241,44955
01-03-2023,Odisha,21,Balangir,345,832,617,1479,169016,0,2767,2333,2764,2775,7384,80960,65984,43113,80762,198,173146,1521,9387,11189,8644,70808,52777,41588,7756,11062,14,116,3718,3559
01-05-2023,Madhya Pradesh,23,Katni,413,385,574,817,133133,0,1712,1647,1696,1712,7483,63823,53257,17008,63210,613,142619,226,15760,8766,11860,52117,24497,15731,7770,10286,7,63,37919,15124
01-03-2023,Jharkhand,20,Jamtara,333,289,487,463,43257,0,1112,498,1189,1189,3107,43804,35896,5347,42581,1223,91806,460,8867,5596,6769,26105,10469,4873,3713,5286,7,39,1850,1843
01-03-2023,Haryana,6,Sirsa,74,805,871,914,70733,0,1363,1017,1197,1377,4097,41510,32976,7474,38607,2903,89439,252,6098,3581,3611,20628,10919,7338,5532,5324,8,54,17051,10057
01-02-2023,Gujarat,24,Kachchh,449,2098,2080,1631,154294,0,2100,1721,2116,2116,10737,61545,60544,39161,61477,68,155108,42,3148,14576,6517,63182,53517,38941,10742,11540,19,84,80335,80175
01-02-2023,Tamil Nadu,33,Mayiladuthurai,735,403,481,587,44312,0,691,405,557,692,3357,13651,22542,5067,13198,453,47162,400,1441,4234,2231,12813,9141,4907,3424,4188,5,20,25293,25224
01-06-2023,Punjab,3,Mansa,37,4,7,16,40617,0,657,4,823,840,2597,9786,22113,0,7930,1856,41090,0,470,4,20,494,4,0,2632,3962,5,33,951,939
01-06-2023,Madhya Pradesh,23,Raisen,421,127,164,331,119836,0,1858,1700,1850,1858,5196,60943,49652,23419,60584,359,131056,144,9990,13620,11761,57771,36020,22400,5881,9384,7,61,29833,14200
01-03-2023,Odisha,21,Kendujhar,361,938,832,1740,195105,0,3339,2484,3343,3351,8857,93804,78058,49116,93485,319,203918,1126,10514,19836,11411,88628,66703,46867,9062,14137,14,123,15340,15207
01-02-2023,Chhattisgarh,22,Khairgarh Chhuikhadan Gandai,759,620,903,1029,59280,0,2128,1598,0,0,3378,27626,26108,11923,27034,592,0,9,6025,5849,5211,28531,17295,11446,3485,5714,0,0,23357,22120
01-06-2023,Tamil Nadu,33,Ariyalur,610,533,549,575,57852,0,774,634,670,774,3078,24195,25309,5395,19096,5099,60861,3,3297,3975,3153,15790,9340,5365,3310,4969,6,22,22368,22311
01-03-2023,Karnataka,29,Kolar,542,1051,1268,855,86625,0,2057,1706,2060,2062,3284,35768,48165,17679,35574,194,96554,765,4663,6719,4875,33537,23999,17280,3878,5459,6,79,8315,8281
01-07-2023,Telangana,36,Rajanna Sircilla,683,217,238,196,38016,0,587,531,578,0,2071,14141,18084,2416,13366,775,40165,2,2332,2199,1452,8303,4519,2320,2161,3708,2,24,19069,17925
01-03-2023,Chhattisgarh,22,Raigarh,386,852,1392,1431,105802,0,1194,10,3357,3409,892,63557,48812,25,63525,32,116635,1424,4933,560,1928,7445,584,24,1259,2115,14,107,140,138
01-05-2023,Uttarakhand,5,Chamoli,47,163,161,173,22816,0,1030,597,1070,1078,973,8416,12000,2744,7911,505,24880,101,1535,1085,1154,5443,2754,1669,1406,2085,9,28,346,344
01-06-2023,Meghalaya,17,East Khasi Hills,274,439,768,688,93272,0,1286,995,1286,1286,4543,50337,37493,14732,37177,13160,99877,3,8565,9219,11486,44065,24014,14795,3625,3879,9,49,11812,8889
01-05-2023,Haryana,6,Charki Dadri,701,449,537,362,41227,0,634,580,604,634,2246,19808,16617,2643,12687,7121,44278,68,1525,1008,980,6131,3626,2618,2478,3129,3,24,12825,7602
01-02-2023,Kerala,32,Palakkad,563,1514,1751,1352,196703,0,2810,1746,2835,2835,10505,96445,78661,4467,55672,40773,209811,1951,9721,13619,9547,36904,17636,4017,11184,13016,21,106,28423,28295
01-06-2023,Mizoram,15,Aizawl,261,325,481,495,39527,0,544,361,544,544,2008,18637,16421,1792,17834,803,41691,3279,4220,3997,3980,13751,5551,1554,1936,2689,6,23,15273,12066
01-05-2023,Haryana,6,Fatehabad,61,484,479,410,55927,0,1082,576,1061,1094,2143,35495,28154,2323,34238,1257,74329,166,5016,1454,1845,10453,3592,2138,3621,4916,6,40,16954,15201
01-04-2023,Jharkhand,20,Dhanbad,325,355,406,700,64685,0,2142,1207,2182,2231,6745,80781,69414,13891,78558,2223,174686,516,18292,14463,13385,59015,27338,12875,7805,9941,8,81,16500,15789
01-07-2023,Assam,18,Hailakandi,289,25,18,75,85770,0,1365,1092,1360,0,3377,42886,36487,7773,41680,1206,90134,46,11576,8171,10944,35947,13427,5256,2743,4641,5,52,18925,17978
01-04-2023,Telangana,36,Medchal Malkajgiri,700,619,666,224,117639,0,793,690,748,793,2861,49119,55864,3764,48348,771,117943,60,5354,3441,3548,15951,7049,3608,3335,6764,3,32,38706,36620
01-03-2023,Tamil Nadu,33,Mayiladuthurai,735,402,481,587,44531,0,692,585,552,692,3051,13833,22793,7917,13371,462,47097,348,1178,2453,1549,12908,10181,7728,3180,4240,5,20,25251,25203
01-03-2023,Uttar Pradesh,9,Kheri,159,2061,2308,970,468982,0,3522,2203,3459,3556,23537,144383,221168,12656,142122,2261,477086,1549,5456,793,2005,8755,1294,501,34397,53601,16,125,185681,184485
01-07-2023,Haryana,6,Karnal,67,525,562,651,84455,0,1434,1007,1414,0,2048,51857,39258,3281,46905,4952,104918,295,5287,2469,2814,13790,5689,3220,3959,7796,7,59,22043,14386
01-04-2023,Bihar,10,Buxar,194,1145,1309,380,146482,0,1810,1316,1858,1944,4167,77721,56653,22723,76532,1189,151621,46,13041,17685,13371,64418,38006,20321,5683,7397,10,73,14577,14555
01-07-2023,Jammu And Kashmir,1,Kathua,7,850,810,59,44056,0,1612,1200,1577,0,1584,14779,23039,5263,12555,2224,45459,266,1559,3458,2173,11911,8179,4721,2552,3505,8,74,15775,15137
01-07-2023,Assam,18,Barpeta,280,91,82,331,197159,0,2701,2451,2687,0,9430,97270,83929,14945,87299,9971,212696,285,24093,12531,22852,65779,18834,6303,8231,13836,10,105,51530,50376
01-05-2023,Tamil Nadu,33,Ariyalur,610,533,549,575,58239,0,773,37,670,774,3022,24772,25516,83,20511,4261,61440,134,3967,214,9713,13977,297,83,3275,4855,6,24,24024,24018
01-05-2023,Bihar,10,Rohtas,215,2085,2382,1155,283446,0,3319,2508,3368,3388,6942,153363,108045,55855,152066,1297,288763,106,26766,25049,24973,129669,77930,52881,8150,12263,20,121,11768,11723
01-04-2023,Maharashtra,27,Latur,481,611,731,898,164867,0,2489,1149,2570,2588,8688,77333,68321,15155,72023,5310,175142,264,14257,19290,13412,61200,33531,14241,9419,11381,14,97,45499,45448
01-05-2023,Tamil Nadu,33,Nagapattinam,579,286,476,525,38671,0,633,22,511,633,2047,14412,17210,126,12344,2068,39056,207,2941,141,7194,10401,266,125,2176,3211,7,24,17986,17978
01-02-2023,Chhattisgarh,22,Bijapur,636,86,109,181,24100,0,9,0,1126,1138,108,16216,12131,0,16213,3,29215,30,0,0,0,0,0,0,64,696,6,44,0,0
01-05-2023,Maharashtra,27,Buldhana,472,773,658,919,197689,0,2924,1882,2951,2970,9979,96210,80903,30338,91319,4891,211469,278,15786,14122,11770,71850,44294,30172,10782,13595,15,111,80300,80266
01-02-2023,Uttar Pradesh,9,Ayodhya,140,1065,1075,1239,248821,0,2345,1243,2371,2381,13645,96799,105975,5774,95922,877,252175,361,3419,361,1213,5173,541,180,16336,19420,12,78,107806,107264
01-04-2023,Meghalaya,17,South West Garo Hills,663,107,104,290,9147,0,422,261,422,422,1424,12548,8944,6537,12076,472,25035,122,658,4146,1050,12378,10670,6524,1296,823,2,15,1141,614
01-02-2023,Chhattisgarh,22,Bastar,374,444,633,853,94063,0,255,5,1961,1981,3880,42928,39854,44,42764,164,97482,85,236,50,125,445,84,34,4201,6619,9,72,138,135
01-06-2023,Mizoram,15,Champhai,262,223,239,227,13249,0,275,176,275,275,750,6406,5783,1574,6107,299,14692,861,1077,1559,1186,5288,3025,1466,719,1034,4,13,4966,3804
01-06-2023,Madhya Pradesh,23,Anuppur,390,178,347,719,66100,0,1149,1095,1108,1149,3301,32151,26968,8303,29688,2463,71092,66,6622,4369,5558,23857,11677,7308,3531,5141,4,42,18550,11191
01-02-2023,Telangana,36,Nalgonda,514,966,744,614,93989,0,2081,1726,2031,2093,6500,33120,45948,8668,32666,454,100633,479,3858,6258,3677,21752,14217,7959,6598,8467,9,82,20037,18454
01-02-2023,Andhra Pradesh,28,Palnadu,751,0,0,0,0,0,0,0,0,0,0,0,0,0,0,0,0,0,0,0,0,0,0,0,0,0,0,0,0,0
01-05-2023,Uttarakhand,5,Rudra Prayag,54,40,38,43,15779,0,676,550,672,692,587,5123,8117,2613,4713,410,16078,83,631,405,388,2543,1524,1119,883,1368,3,20,290,290
01-04-2023,Jharkhand,20,Deoghar,324,306,577,722,68125,0,1542,957,1562,1568,6511,70915,74237,7922,68976,1939,170467,536,15921,11384,13151,47197,18125,6741,7790,11014,10,56,4024,3872
01-05-2023,Bihar,10,Darbhanga,195,2960,2733,637,351310,0,4261,2553,4367,4489,6550,194851,140029,46977,193364,1487,362535,528,45634,27513,37552,154839,71653,44140,8279,12826,19,168,58610,58342
01-02-2023,Odisha,21,Kalahandi,358,734,591,1755,175852,0,2354,1704,2359,2362,9384,83930,66502,35151,83884,46,180721,643,9885,24540,13410,79983,56688,32148,8991,11914,14,95,2914,2875
01-06-2023,Uttar Pradesh,9,Jalaun,151,135,243,279,158866,0,1772,647,1772,1816,4288,70886,66091,2186,69712,1174,161928,76,2204,230,527,3153,422,192,6509,14154,10,87,50443,49952
01-06-2023,Uttar Pradesh,9,Baghpat,124,438,584,302,119579,0,1327,583,1276,1338,5829,34955,60262,1313,33878,1077,121218,15,3116,832,1827,6219,1276,444,7315,12857,7,42,57102,56271
01-05-2023,Madhya Pradesh,23,Dindori,404,101,77,142,66612,0,1904,1475,1884,1913,3391,35891,29049,15462,35121,770,76780,73,7410,6348,7545,33938,18983,12635,3851,4598,7,66,5433,3756
01-02-2023,Tamil Nadu,33,Ariyalur,610,534,548,575,57848,0,774,478,670,774,4381,24020,24884,5219,19197,4823,62421,149,2467,3938,2762,14271,9042,5104,4378,4758,6,24,28010,27939
01-04-2023,Arunachal Pradesh,12,Kra Daadi,677,6,5,6,131,0,64,3,173,267,37,721,509,29,702,19,1305,25,63,0,14,106,29,29,17,21,4,7,0,0
01-05-2023,Uttar Pradesh,9,Baghpat,124,438,584,302,119202,0,1327,595,1279,1338,6380,34707,59746,1945,33643,1064,121146,182,3602,619,1751,6412,1059,440,8025,12288,7,42,44977,44256
01-07-2023,Chhattisgarh,22,Korba,383,994,1600,1907,116512,0,2560,2245,2498,0,6485,55586,47228,28761,54305,1281,125543,32,6638,12467,8374,55524,40512,28045,6547,9697,10,91,52235,46570
01-04-2023,Telangana,36,Mahabubnagar,512,428,332,216,58167,0,1176,905,1146,1185,2592,24524,27514,6572,24178,346,62057,755,3804,4144,2932,17172,10436,6292,2951,4476,4,48,22077,20913
01-07-2023,Uttar Pradesh,9,Bhadohi,179,222,228,300,169322,0,1477,952,1475,0,5020,70765,77071,2601,69744,1021,172667,28,1975,167,530,2725,220,53,5982,13829,7,52,76555,76220
01-07-2023,Chhattisgarh,22,Mahasamund,385,314,508,511,92637,0,1783,1336,0,0,4899,45903,40824,14403,44682,1221,0,5,9793,9955,8721,42569,24055,14100,5538,8783,0,0,38748,36411
01-03-2023,Telangana,36,Khammam,509,1129,797,1013,85770,0,1839,1500,1767,1892,4532,33029,37205,8852,32636,393,87109,174,3809,6843,3748,22710,15153,8310,4830,7513,7,76,19369,16417
01-03-2023,Bihar,10,Supaul,223,1133,1015,383,241056,0,2410,1372,2351,2435,7071,128065,92646,23450,127225,840,245654,256,22148,15710,14473,75350,38729,23019,8332,9540,11,87,22938,22540
01-02-2023,Madhya Pradesh,23,Rajgarh,422,264,367,361,147444,0,2254,1456,2417,2456,4823,75312,60828,8811,75254,58,153304,756,18492,10788,13400,49991,18099,7311,5525,6816,10,81,786,180
01-04-2023,Rajasthan,8,Dholpur,98,214,255,383,104403,0,1024,868,1017,1033,4696,39101,49105,9484,38654,447,110379,2211,7843,8579,9706,34676,17127,8548,6969,10508,5,34,40132,40014
01-03-2023,Tamil Nadu,33,Kallakurichi,729,579,707,921,116110,0,1160,1099,1021,1160,7747,39448,55079,20853,29984,9464,119955,4740,2382,3231,2067,28359,23910,20679,7876,9805,9,40,53662,53373
01-07-2023,Odisha,21,Kendujhar,361,938,832,1741,196383,0,3348,2850,3343,0,10203,91394,75838,50574,90392,1002,200868,104,9121,19477,10728,88149,68300,48823,9747,13686,14,123,40152,39854
01-05-2023,Odisha,21,Jharsuguda,357,462,557,755,43341,0,967,905,965,967,1787,20160,16555,8106,19938,222,43652,413,2221,2195,1535,13915,10159,7964,2014,3136,7,35,3435,3412
01-02-2023,West Bengal,19,Purba Bardhaman,306,634,623,919,377612,0,5947,3318,6540,6857,16177,202146,160595,58791,195913,6233,420881,49415,21338,25220,17902,120880,81640,56420,16240,25723,30,280,24725,18970
01-03-2023,Punjab,3,Moga,38,1,1,1,6181,0,170,0,695,987,171,10698,10602,0,10622,76,22141,2197,239,0,14,253,0,0,276,394,5,40,0,0
01-02-2023,Karnataka,29,Chikkaballapura,630,514,732,590,77729,0,1937,616,1950,1961,3080,32911,41080,4450,32777,134,86365,1900,9202,7079,6312,26438,10924,3845,3462,5832,6,74,11121,10909
01-02-2023,Haryana,6,Bhiwani,59,756,884,778,84201,0,1267,834,1235,1282,5657,43223,34893,3521,39712,3511,97111,92,5564,3638,2979,15460,6917,3279,7024,6314,9,49,24614,13763
01-05-2023,Himachal Pradesh,2,Kullu,20,965,1010,374,36400,0,1094,1023,1095,1095,2340,16436,14145,2456,5942,10494,37891,222,690,781,558,4406,3158,2377,2339,2631,5,45,17630,17590
01-05-2023,Maharashtra,27,Ahmednagar,466,1356,1519,2171,335345,0,5762,3867,5838,5905,17426,166114,140772,47846,152129,13985,363688,844,28372,20813,22068,118086,67646,46833,18098,21278,23,203,102758,102712
01-06-2023,Rajasthan,8,Jalore,104,202,210,406,110215,0,1726,1086,1778,1797,1721,57044,49504,11118,56844,200,120489,284,12648,13963,14815,51567,24104,10141,4555,7665,8,58,15531,15321
01-02-2023,Assam,18,Goalpara,287,200,134,302,124707,0,2455,953,2488,2488,7757,63292,50713,5120,62280,1012,134755,1415,14112,5158,8273,30463,8078,2920,6548,6445,7,96,4134,3477
01-04-2023,Uttar Pradesh,9,Azamgarh,123,575,521,577,640828,0,5544,4296,5555,5593,29285,255297,271233,32262,249143,6154,648737,1520,8937,1570,3416,15036,2683,1113,37259,55663,23,201,169538,168619
01-04-2023,Jammu And Kashmir,1,Kupwara,8,1994,1952,166,70847,0,2254,1473,2304,2319,2782,36681,27349,16839,36044,637,73930,4571,7770,5313,7220,24071,9081,3768,3382,3736,11,92,2766,2032
01-06-2023,Madhya Pradesh,23,Ashoknagar,391,289,283,654,81988,0,1085,1035,1075,1089,4326,43389,35372,13544,43263,126,95319,70,8919,7685,8602,34686,17165,9480,5234,6998,5,37,15773,5379
01-07-2023,Andhra Pradesh,28,Alluri Sitharama Raju,745,0,0,0,0,0,0,0,0,0,0,0,0,0,0,0,0,0,0,0,0,0,0,0,0,0,0,0,0,0
01-04-2023,Bihar,10,Gopalganj,197,1669,1475,1218,230782,0,2856,1723,2986,3020,5606,127181,88276,26395,126085,1096,236322,396,22492,22202,20241,89953,47220,25018,6718,8541,14,110,22466,22193
01-06-2023,Andhra Pradesh,28,Parvathipuram Manyam,743,0,0,0,0,0,0,0,0,0,0,0,0,0,0,0,0,0,0,0,0,0,0,0,0,0,0,0,0,0
01-03-2023,Tamil Nadu,33,Dharmapuri,571,906,991,1079,122748,0,1332,1206,1158,1333,7472,44652,56919,15627,37013,7639,126834,255,4536,3574,3054,26676,19086,15512,8055,9736,8,37,50330,50128
01-06-2023,Telangana,36,Nagarkurnool,694,422,238,483,50074,0,1126,973,1081,1131,2936,17611,23968,6470,17048,563,52092,15,3204,3072,2759,14953,8990,5918,3088,4489,5,46,16999,16413
01-02-2023,Madhya Pradesh,23,Agar Malwa,667,176,218,223,53469,0,680,193,743,753,1432,28901,23375,943,28893,8,57365,2859,8476,3075,4363,16635,3796,721,1714,1943,4,27,598,206
01-06-2023,Madhya Pradesh,23,Shajapur,430,99,137,218,83914,0,1053,957,1043,1054,3115,43993,35409,10996,40661,3332,92577,12,10004,6975,8997,36585,17584,10609,3781,6279,6,40,24289,13006
01-05-2023,Telangana,36,Rajanna Sircilla,683,217,238,196,39319,0,587,528,578,587,2286,15091,17860,3222,14624,467,41243,67,2232,1908,1873,9114,5009,3101,2528,3478,2,24,13951,11797
01-07-2023,Madhya Pradesh,23,Damoh,400,192,224,520,127096,0,1742,1676,1737,0,5458,66259,54220,16825,65838,421,142606,103,14571,11924,14818,55636,26247,14323,5903,10766,8,60,33949,11341
01-07-2023,Rajasthan,8,Bhilwara,92,333,352,706,156830,0,2136,1672,2187,0,8837,53479,84680,7002,52126,1353,174721,439,15382,7685,11477,39901,13042,5357,10379,17346,12,74,13320,13286
01-03-2023,Jharkhand,20,Pakur,337,131,171,301,30960,0,1110,579,1156,1166,6627,67951,67732,5494,66351,1600,157132,301,14857,5827,9295,33678,9526,3699,5805,9017,6,41,5072,5068
01-03-2023,West Bengal,19,Alipurduar,664,56,126,259,127280,0,3130,2496,3152,3198,6400,67488,49759,40972,67157,331,137460,977,6041,8906,6498,60787,48248,39342,6606,7207,14,128,36430,23588
01-07-2023,Chhattisgarh,22,Sakti,762,0,0,0,0,0,0,0,0,0,0,0,0,0,0,0,0,0,0,0,0,0,0,0,0,0,0,0,0,0
01-02-2023,Chhattisgarh,22,Surajpur,648,227,441,489,78642,0,137,0,2015,2019,237,42830,35812,0,42828,2,80503,193,306,0,19,325,0,0,189,1435,7,70,0,0
01-04-2023,Arunachal Pradesh,12,Kamle,718,1,1,4,87,0,37,4,123,184,23,344,265,15,315,29,672,0,22,9,29,71,20,11,30,10,2,12,0,0
01-04-2023,Kerala,32,Kozhikode,561,1101,1531,1230,225610,0,2910,12,2937,2938,11811,110405,83892,0,66439,43966,234162,1547,17699,4588,16783,39070,4588,0,12723,15331,21,106,17176,16847
01-04-2023,Punjab,3,Mansa,37,4,7,6,42956,0,771,3,827,840,3333,11566,21058,0,9062,2504,43240,295,913,16,147,1076,16,0,3515,3768,5,33,23,23
01-02-2023,Madhya Pradesh,23,Jabalpur,411,390,433,267,159603,0,2382,1583,2473,2483,3751,84946,68827,19000,84879,67,167317,2122,15522,19438,14474,66969,36973,17535,4226,5567,13,93,1689,228
01-04-2023,Uttar Pradesh,9,Ghaziabad,145,795,900,460,153263,0,1364,1017,1323,1371,10084,33798,82941,4767,32876,922,154632,102,7603,4405,6767,21715,7345,2940,11743,16066,5,52,73225,71820
01-05-2023,Assam,18,West Karbi Anglong,710,4,5,22,32644,0,842,317,847,852,1346,23031,15298,2876,22602,429,41936,264,7730,3320,4562,17780,5488,2168,1087,1174,4,29,673,638
01-05-2023,Madhya Pradesh,23,East Nimar,405,285,409,720,123216,0,1667,1462,1667,1682,4677,64804,53519,19409,64715,89,136672,268,13981,10120,12368,55322,28973,18853,5499,8173,8,65,14826,6499
01-02-2023,Uttar Pradesh,9,Kanpur Nagar,157,821,856,610,222632,0,2127,1707,2010,2134,16545,64682,105965,9673,64279,403,223790,1244,1414,114,356,1936,166,52,17658,18940,12,82,121924,121391
01-07-2023,Gujarat,24,Anand,440,1968,1914,1508,151745,0,1993,1992,1989,0,7853,54140,69300,39820,44114,10026,154474,1785,1804,2189,1347,45121,41970,39781,7924,15257,16,80,91236,91099
01-04-2023,Tamil Nadu,33,Tiruvannamalai,593,1229,1603,1907,148403,0,2127,1508,1622,2127,9448,45882,73994,19791,43650,2232,152491,7060,1832,19633,2936,44058,39290,19657,9780,13387,19,68,75022,74970
01-06-2023,Assam,18,Baksa,616,52,25,128,99342,0,2613,2088,2626,2636,4399,51812,39495,12819,49162,2650,105000,144,11827,9311,10827,40147,17493,8182,3786,5508,8,112,8356,8158
01-05-2023,Uttar Pradesh,9,Sant Kabeer Nagar,178,113,130,169,169245,0,1573,799,1752,1769,5794,74916,72303,3914,73485,1431,172281,641,2450,283,574,3447,423,140,7188,12080,10,64,36734,36387
01-06-2023,Gujarat,24,Anand,440,1968,1914,1508,151723,0,1993,1985,1989,1993,8086,54462,69404,41928,42829,11633,155147,1005,2471,9978,3427,57718,51820,41842,8331,14864,16,80,82899,82683
01-07-2023,Gujarat,24,Arvalli,672,1439,1200,1255,77600,0,1450,1434,1450,0,3573,32589,33549,24948,28600,3989,79140,4071,1498,2217,1275,29914,27141,24924,3625,5804,12,58,43051,43008
01-02-2023,Punjab,3,Mansa,37,5,7,6,7396,0,93,1,808,840,881,11537,18456,0,11226,311,32951,342,25,12,1,38,12,0,929,1148,5,33,0,0
01-02-2023,Maharashtra,27,Palghar,665,884,936,885,207816,0,1672,13,3174,3183,9646,102791,80157,210,102231,560,214235,103,8410,796,5550,14960,1000,204,10003,11638,13,103,3415,3415
01-04-2023,Odisha,21,Bargarh,347,976,1047,1516,130160,0,2919,1248,2910,2919,6285,60395,50373,3823,59631,764,132063,1110,6228,31572,14916,56508,35364,3792,6588,8422,13,127,25443,25213
01-02-2023,Delhi,7,North West,82,1717,1732,9,110518,0,1779,1754,1709,1779,9890,30870,54150,14197,30061,809,112898,9700,3808,7214,3984,29158,21366,14152,9785,8203,17,70,66735,57678
01-05-2023,Haryana,6,Rewari,72,667,714,775,64483,0,1094,996,1053,1099,3516,34356,28928,5186,27285,7071,76512,133,2687,1296,1079,10185,6419,5123,4301,5411,6,44,21422,16114
01-07-2023,Bihar,10,Supaul,223,1133,1015,384,255071,0,2423,1932,2397,0,6199,135153,99736,35883,133308,1845,266392,6,20470,26067,19517,102336,62349,36282,8672,16632,11,87,61839,61351
01-04-2023,Rajasthan,8,Sirohi,115,99,115,190,83093,0,867,666,864,872,4436,31897,40519,5858,31275,622,88836,556,7866,5704,7181,26352,11305,5601,5405,6579,5,31,17048,17035
01-03-2023,Madhya Pradesh,23,Chhindwara,399,602,827,826,177607,0,2880,26,3037,3057,3437,96230,80407,187,96158,72,190918,1654,25413,421,27116,53126,597,176,4277,6567,14,114,1161,302
01-05-2023,Maharashtra,27,Hingoli,477,204,248,198,98273,0,1125,680,1178,1216,3344,48661,40904,16439,44604,4057,103871,180,7185,7392,7574,38468,23709,16317,4356,6606,7,43,29072,29064
01-05-2023,Tamil Nadu,33,Kanniyakumari,575,1272,1361,877,91407,0,1399,38,1209,1401,6005,28778,43728,262,21554,7224,93007,182,5536,151,11993,17940,411,260,6268,8228,10,51,47429,47316
01-05-2023,Uttar Pradesh,9,Chandauli,135,389,425,539,228729,0,1818,1271,1854,1901,8269,96723,97343,4376,95850,873,231720,130,2759,294,949,4188,480,186,10599,18786,10,65,65713,65694
01-06-2023,Delhi,7,Shahdara,671,831,858,2,63867,0,874,868,813,874,3864,20540,32567,11353,17900,2640,65909,22,1565,3729,1610,18279,15104,11375,3889,5049,7,33,11452,3017
01-05-2023,Andhra Pradesh,28,Vizianagaram,521,645,787,1066,105607,0,3703,2550,3725,3730,3949,50642,52786,23844,49740,902,120944,23550,7310,7768,6817,45382,31255,23487,5235,8332,17,149,12321,12232
01-06-2023,Uttar Pradesh,9,Etawah,139,853,861,804,142215,0,1551,958,1512,1566,5597,51502,66626,2147,50507,995,144400,69,1153,31,218,1456,85,54,6983,13692,9,56,66232,65920
01-05-2023,Odisha,21,Bargarh,347,980,1064,1569,129644,0,2919,2767,2910,2919,6135,58780,50009,39377,57375,1405,130090,1048,4834,5144,3221,52293,44238,39094,6488,8678,13,127,26946,26760
01-02-2023,Andhra Pradesh,28,Chittoor,503,629,701,648,204277,0,4742,2557,4714,4780,9659,79887,104449,20677,78062,1825,223269,20823,13477,21378,13333,67866,41056,19678,11990,17284,23,190,26518,26345
01-04-2023,Karnataka,29,Bengaluru Rural,526,352,479,410,51224,0,1228,968,1225,1229,1430,21424,28067,9663,20431,993,55873,760,2207,5466,3124,20183,14852,9386,1819,3133,4,43,17653,17627
01-03-2023,Gujarat,24,Surat,459,2735,2739,2653,159949,0,2822,2726,2806,2823,11851,61295,67639,52726,61013,282,166071,69,2092,5507,2441,62532,57999,52492,11871,13415,23,113,87074,86843
01-05-2023,Maharashtra,27,Gadchiroli,475,353,513,906,101896,0,2325,1062,2352,2378,5388,47998,40125,17127,45996,2002,106936,244,6613,6714,5456,35560,23491,16777,5527,7898,13,76,42229,42226
01-05-2023,Odisha,21,Kendrapara,360,815,916,1660,119088,0,2147,1748,2133,2147,4376,54368,48238,24295,53692,676,119840,426,7941,7309,5698,44776,31137,23828,5019,7839,9,84,7227,6914
01-04-2023,Maharashtra,27,Osmanabad,488,413,630,781,127251,0,1990,1130,2018,2033,7230,59985,50680,18555,54559,5426,134789,1351,9939,11420,7383,46989,29667,18247,7769,9125,11,71,42132,42124
01-02-2023,Gujarat,24,Ahmadabad,438,3556,3595,1916,294357,0,3626,3121,3562,3628,22260,137463,119201,76148,127681,9782,321018,142,11106,29255,12912,128834,104816,75561,21548,20546,30,146,111268,110839
01-04-2023,Maharashtra,27,Wardha,498,440,493,703,78491,0,1570,400,1612,1625,4395,39544,30844,4602,37827,1717,84646,2020,6830,4928,4478,20667,9359,4431,4582,5281,10,58,17028,16978
01-02-2023,Uttar Pradesh,9,Varanasi,187,861,861,710,374040,0,3889,2328,3855,3972,23023,134012,172290,11129,132068,1944,385600,973,4787,358,877,6028,364,6,26228,30047,9,142,69874,69217
01-07-2023,Uttar Pradesh,9,Hathras,163,841,860,677,208964,0,1711,1201,1662,0,9047,69269,96714,4499,66798,2471,211004,122,2595,254,1248,4246,403,149,10461,25513,8,88,91638,90478
01-05-2023,Karnataka,29,Belagavi,527,734,831,906,452710,0,5294,1201,5288,5296,17319,214007,176894,1975,210420,3587,456062,12535,53080,17258,96048,179945,30817,13559,19720,28122,14,209,179193,177584
01-06-2023,Arunachal Pradesh,12,Siang,679,5,3,8,609,0,189,46,221,222,102,1275,1107,86,1076,199,2607,0,311,319,152,857,394,75,71,52,4,11,14,14
01-04-2023,Assam,18,Golaghat,288,204,127,395,90147,0,2162,260,2115,2223,5034,50582,37397,395,49450,1132,102876,1802,12565,8730,14201,35730,8964,234,4789,5074,9,74,4274,3524
01-05-2023,Jammu And Kashmir,1,Ganderbal,626,573,561,65,16590,0,639,483,630,658,280,7400,7337,4060,7183,217,17627,146,835,538,704,3052,1513,975,1077,1533,3,27,842,522
01-02-2023,Bihar,10,Nawada,210,1540,1270,1072,205313,0,2479,998,2564,2647,5444,108573,79640,24790,108134,439,209827,175,19481,23336,16380,82752,46891,23555,6250,9920,14,96,28295,27044
01-06-2023,Uttarakhand,5,Champawat,48,54,76,59,17795,0,633,188,677,681,790,5774,9459,162,5140,634,18505,4,306,190,237,756,213,23,986,1496,4,15,66,66
01-03-2023,Bihar,10,Buxar,194,1145,1309,380,145389,0,1763,1131,1853,1944,4301,76582,55639,19244,75688,894,149279,47,13248,17850,14336,63784,36200,18350,5820,6937,10,73,36866,36798
01-06-2023,Meghalaya,17,North Garo Hills,656,94,50,175,22959,0,391,320,391,391,1018,12018,8558,5712,10677,1341,23127,0,2618,2605,1644,12506,8244,5639,736,797,2,11,291,28
01-05-2023,Chhattisgarh,22,Surguja,389,473,1397,1307,84528,0,2402,433,2442,2456,3223,43495,39806,3843,43327,168,94320,48,14861,4606,9225,32464,8378,3772,3305,4491,9,69,15764,14418
01-07-2023,Madhya Pradesh,23,Dhar,403,1381,1782,1848,263961,0,3858,3826,3831,0,13857,130601,107210,47474,128540,2061,285520,37,24840,23327,26600,118189,66749,43422,14092,19760,16,139,86790,69173
01-05-2023,Karnataka,29,Hassan,539,1676,1830,1490,82778,0,2519,566,2518,2526,3620,32954,36140,3041,32891,63,83191,384,7618,2316,15267,28613,5728,3412,4657,5820,8,84,2987,2984
01-07-2023,Tripura,16,Dhalai,269,712,634,1098,42004,0,1292,1020,1316,0,1394,23556,17643,10814,23191,365,46800,71,2531,5507,3981,22352,15840,10333,1409,2798,6,48,7543,7118
01-03-2023,Kerala,32,Alappuzha,554,1050,1157,684,99502,0,2150,2099,2150,2150,5153,49987,40487,11072,36424,13563,107973,4617,5855,7034,5189,28720,17676,10642,5971,6375,15,87,9677,9564
